store,item,demand_mean,demand_std,demand_min,demand_max,n_days,dispersion_index,suggested_distribution,assigned_vehicle_type,lead_time_mean_days,lead_time_std_days,holding_cost_rate_annual,order_cost_fixed,target_service_level,unit_cost_placeholder
1,1,19.971522453450163,6.741022204814112,4,50,1826,2.2753087788731263,Normal_approx,40 FT 3XL Trailer 35MT,7.473354210273853,7.005713821113785,0.2,50.0,0.95,10.0
1,2,53.14895947426068,15.005779398454088,13,115,1826,4.236647670668276,Normal_approx,32 FT Multi-Axle 14MT - HCV,5.695535963687151,4.077062055526572,0.2,50.0,0.95,10.0
1,3,33.20810514786418,10.072529304963512,8,70,1826,3.055153136488848,Normal_approx,40 FT 3XL Trailer 35MT,7.473354210273853,7.005713821113785,0.2,50.0,0.95,10.0
1,4,19.95618838992333,6.640617856680388,4,43,1826,2.2097308692840945,Normal_approx,40 FT 3XL Trailer 35MT,7.473354210273853,7.005713821113785,0.2,50.0,0.95,10.0
1,5,16.612814895947427,5.672102368390276,3,37,1826,1.9366221485647734,Normal_approx,22 FT Closed Container,1.0978160612535612,1.0343863002918698,0.2,50.0,0.95,10.0
1,6,53.06078860898138,14.826415753312865,17,104,1826,4.142844647674072,Normal_approx,40 FT Flat Bed Multi-Axle 27MT - Trailer,7.233716255868545,7.373434111835265,0.2,50.0,0.95,10.0
1,7,52.78368017524644,15.073837512491583,14,115,1826,4.304750570604517,Normal_approx,40 FT 3XL Trailer 35MT,7.473354210273853,7.005713821113785,0.2,50.0,0.95,10.0
1,8,69.47207009857613,18.75197999518291,24,137,1826,5.061555719309811,Normal_approx,40 FT 3XL Trailer 35MT,7.473354210273853,7.005713821113785,0.2,50.0,0.95,10.0
1,9,46.50492880613363,13.247495615289699,14,94,1826,3.773710541708716,Normal_approx,26 FT Taurus Open 27MT - HCV,4.533863636363637,2.601788015188991,0.2,50.0,0.95,10.0
1,10,66.35432639649507,18.283007318668947,16,131,1826,5.037627156624392,Normal_approx,32 FT Multi-Axle 14MT - HCV,5.695535963687151,4.077062055526572,0.2,50.0,0.95,10.0
1,11,63.217962760131435,17.230416731004862,11,124,1826,4.696248467394856,Normal_approx,32 FT Multi-Axle 14MT - HCV,5.695535963687151,4.077062055526572,0.2,50.0,0.95,10.0
1,12,63.23384446878423,17.63687215477114,21,133,1826,4.91918943118029,Normal_approx,40 FT Flat Bed Multi-Axle 27MT - Trailer,7.233716255868545,7.373434111835265,0.2,50.0,0.95,10.0
1,13,76.1593647316539,20.374851875929718,27,139,1826,5.450867275860241,Normal_approx,32 FT Single-Axle 7MT - HCV,6.43402524515763,5.331951270712372,0.2,50.0,0.95,10.0
1,14,53.14895947426068,14.769971072823912,20,107,1826,4.104540289216823,Normal_approx,40 FT 3XL Trailer 35MT,7.473354210273853,7.005713821113785,0.2,50.0,0.95,10.0
1,15,79.68072289156626,21.72579883545793,17,154,1826,5.923770742907562,Normal_approx,32 FT Multi-Axle 14MT - HCV,5.695535963687151,4.077062055526572,0.2,50.0,0.95,10.0
1,16,23.332420591456735,7.6147377184698835,5,55,1826,2.485135663220433,Normal_approx,32 FT Multi-Axle 14MT - HCV,5.695535963687151,4.077062055526572,0.2,50.0,0.95,10.0
1,17,29.972070098576122,9.116823995621408,9,61,1826,2.773131101514636,Normal_approx,32 FT Single-Axle 7MT - HCV,6.43402524515763,5.331951270712372,0.2,50.0,0.95,10.0
1,18,76.34556407447974,21.0531089568771,28,155,1826,5.805620825824767,Normal_approx,20 FT CLOSE 7MT-MCV ,4.930623346560847,4.133408767609656,0.2,50.0,0.95,10.0
1,19,36.67688937568455,11.10061986993504,11,75,1826,3.35971134941693,Normal_approx,40 FT 3XL Trailer 35MT,7.473354210273853,7.005713821113785,0.2,50.0,0.95,10.0
1,20,42.89047097480832,12.181551157384636,11,87,1826,3.459747240526591,Normal_approx,32 FT Single-Axle 7MT - HCV,6.43402524515763,5.331951270712372,0.2,50.0,0.95,10.0
1,21,36.1763417305586,10.840796057378663,9,74,1826,3.248610930120769,Normal_approx,40 FT 3XL Trailer 35MT,7.473354210273853,7.005713821113785,0.2,50.0,0.95,10.0
1,22,72.78148959474261,19.808007435050463,25,143,1826,5.390892117373707,Normal_approx,32 FT Multi-Axle 14MT - HCV,5.695535963687151,4.077062055526572,0.2,50.0,0.95,10.0
1,23,26.46987951807229,8.460734233286027,5,55,1826,2.704357748112309,Normal_approx,40 FT Flat Bed Multi-Axle 27MT - Trailer,7.233716255868545,7.373434111835265,0.2,50.0,0.95,10.0
1,24,60.0,16.642839589115848,18,121,1826,4.61640182648403,Normal_approx,40 FT 3XL Trailer 35MT,7.473354210273853,7.005713821113785,0.2,50.0,0.95,10.0
1,25,72.73603504928806,19.7993879647175,24,143,1826,5.3895674064685934,Normal_approx,40 FT 3XL Trailer 35MT,7.473354210273853,7.005713821113785,0.2,50.0,0.95,10.0
1,26,43.23603504928806,12.84890633145044,12,96,1826,3.8184443537938546,Normal_approx,32 FT Multi-Axle 14MT - HCV,5.695535963687151,4.077062055526572,0.2,50.0,0.95,10.0
1,27,20.05093099671413,6.640278233867997,1,48,1826,2.199064723249356,Normal_approx,32 FT Multi-Axle MXL 18MT,6.487615878527337,3.6930577510741505,0.2,50.0,0.95,10.0
1,28,79.56681270536693,21.460002283316964,32,155,1826,5.787987256763719,Normal_approx,19 FT Open 7MT - MCV,17.961898148148148,10.080516945624474,0.2,50.0,0.95,10.0
1,29,63.08652792990142,17.27708639482617,19,124,1826,4.731560351933827,Normal_approx,32 FT Multi-Axle 14MT - HCV,5.695535963687151,4.077062055526572,0.2,50.0,0.95,10.0
1,30,36.31818181818182,10.938035594429483,13,72,1826,3.294234916933841,Normal_approx,40 FT 3XL Trailer 35MT,7.473354210273853,7.005713821113785,0.2,50.0,0.95,10.0
1,31,53.008214676889374,14.954009436787588,15,106,1826,4.218636669780685,Normal_approx,40 FT 3XL Trailer 35MT,7.473354210273853,7.005713821113785,0.2,50.0,0.95,10.0
1,32,39.83789704271632,11.464107598378614,13,81,1826,3.299013572083902,Normal_approx,40 FT Flat Bed Multi-Axle 27MT - Trailer,7.233716255868545,7.373434111835265,0.2,50.0,0.95,10.0
1,33,62.755750273822564,17.178148984470695,23,123,1826,4.702179501402003,Normal_approx,32 FT Multi-Axle 14MT - HCV,5.695535963687151,4.077062055526572,0.2,50.0,0.95,10.0
1,34,23.274917853231106,7.499406049090722,5,48,1826,2.4163819371474573,Normal_approx,32 FT Multi-Axle 14MT - HCV,5.695535963687151,4.077062055526572,0.2,50.0,0.95,10.0
1,35,59.49507119386637,16.482759039571405,20,115,1826,4.566451306046706,Normal_approx,32 FT Multi-Axle MXL 18MT,6.487615878527337,3.6930577510741505,0.2,50.0,0.95,10.0
1,36,69.30996714129245,19.17064763482564,24,151,1826,5.3024658053790095,Normal_approx,32 FT Multi-Axle 14MT - HCV,5.695535963687151,4.077062055526572,0.2,50.0,0.95,10.0
1,37,26.424424972617743,8.312725700591358,8,62,1826,2.615058176095725,Normal_approx,30 FT Open SXL 30MT,11.785517526455026,15.634851228755624,0.2,50.0,0.95,10.0
1,38,73.34446878422781,19.948156493046685,19,150,1826,5.425479985978878,Normal_approx,32 FT Multi-Axle MXL 18MT,6.487615878527337,3.6930577510741505,0.2,50.0,0.95,10.0
1,39,39.69496166484118,11.78345935314825,13,86,1826,3.4979228724203515,Normal_approx,32 FT Multi-Axle 14MT - HCV,5.695535963687151,4.077062055526572,0.2,50.0,0.95,10.0
1,40,26.44359255202629,8.208805497101118,7,57,1826,2.548234985721487,Normal_approx,40 FT 3XL Trailer 35MT,7.473354210273853,7.005713821113785,0.2,50.0,0.95,10.0
1,41,20.00273822562979,6.684883224925373,3,42,1826,2.2340773161561307,Normal_approx,32 FT Multi-Axle 14MT - HCV,5.695535963687151,4.077062055526572,0.2,50.0,0.95,10.0
1,42,33.10569550930997,9.623902912510415,7,71,1826,2.7976910270131627,Normal_approx,40 FT 3XL Trailer 35MT,7.473354210273853,7.005713821113785,0.2,50.0,0.95,10.0
1,43,46.24260679079956,13.34510376975674,15,98,1826,3.851249031683238,Normal_approx,40 FT 3XL Trailer 35MT,7.473354210273853,7.005713821113785,0.2,50.0,0.95,10.0
1,44,26.59419496166484,8.364186487527249,7,58,1826,2.630634832112016,Normal_approx,32 FT Multi-Axle 14MT - HCV,5.695535963687151,4.077062055526572,0.2,50.0,0.95,10.0
1,45,72.72070098576123,19.7303404146561,25,135,1826,5.353170797328184,Normal_approx,40 FT 3XL Trailer 35MT,7.473354210273853,7.005713821113785,0.2,50.0,0.95,10.0
1,46,52.84501642935378,14.93241650978328,15,109,1826,4.219452994583447,Normal_approx,40 FT 3XL Trailer 35MT,7.473354210273853,7.005713821113785,0.2,50.0,0.95,10.0
1,47,19.81434830230011,6.554390521574377,4,44,1826,2.1681275838033542,Normal_approx,32 FT Multi-Axle 14MT - HCV,5.695535963687151,4.077062055526572,0.2,50.0,0.95,10.0
1,48,46.5460021905805,13.416420848807777,13,94,1826,3.8671494848326757,Normal_approx,32 FT Multi-Axle 14MT - HCV,5.695535963687151,4.077062055526572,0.2,50.0,0.95,10.0
1,49,26.461664841182913,8.299193442867072,7,53,1826,2.602882782149576,Normal_approx,40 FT 3XL Trailer 35MT,7.473354210273853,7.005713821113785,0.2,50.0,0.95,10.0
1,50,59.34282584884995,16.380064579440493,19,111,1826,4.521296581157683,Normal_approx,32 FT Multi-Axle 14MT - HCV,5.695535963687151,4.077062055526572,0.2,50.0,0.95,10.0
2,1,28.173603504928806,8.6810127459478,6,58,1826,2.674843574132233,Normal_approx,32 FT Multi-Axle 14MT - HCV,5.695535963687151,4.077062055526572,0.2,50.0,0.95,10.0
2,2,75.31653888280394,20.33226790341633,26,150,1826,5.488849119043632,Normal_approx,1.5 MT Pickup (Open Body),2.481574074074074,1.990326348578496,0.2,50.0,0.95,10.0
2,3,46.99233296823658,13.546306025549484,16,94,1826,3.90494353753138,Normal_approx,40 FT 3XL Trailer 35MT,7.473354210273853,7.005713821113785,0.2,50.0,0.95,10.0
2,4,28.234939759036145,8.655292492651848,7,66,1826,2.653240586758481,Normal_approx,40 FT 3XL Trailer 35MT,7.473354210273853,7.005713821113785,0.2,50.0,0.95,10.0
2,5,23.54052573932092,7.757471028920607,3,50,1826,2.556372675399667,Normal_approx,40 FT 3XL Trailer 35MT,7.473354210273853,7.005713821113785,0.2,50.0,0.95,10.0
2,6,74.94523548740416,20.31921317035493,24,148,1826,5.5089615927848445,Normal_approx,40 FT 3XL Trailer 35MT,7.473354210273853,7.005713821113785,0.2,50.0,0.95,10.0
2,7,75.05859802847755,20.456364920469728,28,139,1826,5.575148973614693,Normal_approx,32 FT Multi-Axle 14MT - HCV,5.695535963687151,4.077062055526572,0.2,50.0,0.95,10.0
2,8,99.09036144578313,26.278863743512723,35,181,1826,6.969181155202008,Normal_approx,32 FT Single-Axle 7MT - HCV,6.43402524515763,5.331951270712372,0.2,50.0,0.95,10.0
2,9,65.47809419496167,18.191487152079485,21,127,1826,5.054059817607474,Normal_approx,32 FT Multi-Axle 14MT - HCV,5.695535963687151,4.077062055526572,0.2,50.0,0.95,10.0
2,10,94.09748083242059,24.927276674708015,33,175,1826,6.603461824063563,Normal_approx,24 FT SXL Container,4.247763558201059,4.668448832876775,0.2,50.0,0.95,10.0
2,11,89.30996714129245,24.163105109792117,37,167,1826,6.5374074947668,Normal_approx,40 FT 3XL Trailer 35MT,7.473354210273853,7.005713821113785,0.2,50.0,0.95,10.0
2,12,89.35049288061336,24.078885021248897,26,170,1826,6.488970403791963,Normal_approx,32 FT Multi-Axle MXL 18MT,6.487615878527337,3.6930577510741505,0.2,50.0,0.95,10.0
2,13,107.90306681270536,28.47970527423545,38,210,1826,7.516872656781706,Normal_approx,32 FT Single-Axle 7MT - HCV,6.43402524515763,5.331951270712372,0.2,50.0,0.95,10.0
2,14,75.35980284775465,20.077174520540325,25,152,1826,5.348911773861465,Normal_approx,40 FT 3XL Trailer 35MT,7.473354210273853,7.005713821113785,0.2,50.0,0.95,10.0
2,15,112.578860898138,29.676051356715117,44,231,1826,7.8226766295248495,Normal_approx,32 FT Single-Axle 7MT - HCV,6.43402524515763,5.331951270712372,0.2,50.0,0.95,10.0
2,16,32.95016429353779,9.843778786366071,8,68,1826,2.94080417723182,Normal_approx,32 FT Single-Axle 7MT - HCV,6.43402524515763,5.331951270712372,0.2,50.0,0.95,10.0
2,17,42.568455640744794,12.276136624995903,11,83,1826,3.5402630461256037,Normal_approx,32 FT Single-Axle 7MT - HCV,6.43402524515763,5.331951270712372,0.2,50.0,0.95,10.0
2,18,108.1171960569551,28.581274836103475,39,208,1826,7.555590609532199,Normal_approx,32 FT Multi-Axle 14MT - HCV,5.695535963687151,4.077062055526572,0.2,50.0,0.95,10.0
2,19,51.81982475355969,14.432644169475548,17,99,1826,4.019720612976167,Normal_approx,19 FT OPEN BODY 8 MT,2.251028757122507,1.5640035530881744,0.2,50.0,0.95,10.0
2,20,60.97809419496166,16.97613350895492,19,118,1826,4.726108821841038,Normal_approx,32 FT Multi-Axle 14MT - HCV,5.695535963687151,4.077062055526572,0.2,50.0,0.95,10.0
2,21,51.75629791894852,14.69314540724072,16,109,1826,4.171251241663482,Normal_approx,32 FT Multi-Axle 14MT - HCV,5.695535963687151,4.077062055526572,0.2,50.0,0.95,10.0
2,22,103.00985761226725,27.062057779618048,34,214,1826,7.109562019044777,Normal_approx,32 FT Multi-Axle 14MT - HCV,5.695535963687151,4.077062055526572,0.2,50.0,0.95,10.0
2,23,37.56900328587076,11.089123526909509,11,81,1826,3.273141415527119,Normal_approx,40 FT 3XL Trailer 35MT,7.473354210273853,7.005713821113785,0.2,50.0,0.95,10.0
2,24,84.78258488499452,22.555607828050007,32,156,1826,6.000706927995943,Normal_approx,32 FT Multi-Axle 14MT - HCV,5.695535963687151,4.077062055526572,0.2,50.0,0.95,10.0
2,25,103.42606790799562,27.691475560575665,38,193,1826,7.414163897288398,Normal_approx,19 FT Open 7MT - MCV,17.961898148148148,10.080516945624474,0.2,50.0,0.95,10.0
2,26,61.10350492880613,17.032884191267385,20,119,1826,4.74799513074012,Normal_approx,32 FT Multi-Axle 14MT - HCV,5.695535963687151,4.077062055526572,0.2,50.0,0.95,10.0
2,27,28.338992332968235,8.836200874140442,6,59,1826,2.7551595685118118,Normal_approx,32 FT Multi-Axle 14MT - HCV,5.695535963687151,4.077062055526572,0.2,50.0,0.95,10.0
2,28,112.63800657174151,29.52652601087096,43,206,1826,7.739978403429588,Normal_approx,32 FT Single-Axle 7MT - HCV,6.43402524515763,5.331951270712372,0.2,50.0,0.95,10.0
2,29,88.973713033954,23.452998619221862,33,173,1826,6.182085983343374,Normal_approx,32 FT Single-Axle 7MT - HCV,6.43402524515763,5.331951270712372,0.2,50.0,0.95,10.0
2,30,51.825301204819276,14.838773184979061,16,115,1826,4.248681329704999,Normal_approx,40 FT 3XL Trailer 35MT,7.473354210273853,7.005713821113785,0.2,50.0,0.95,10.0
2,31,75.27656078860898,20.380803979487027,27,158,1826,5.518014724619699,Normal_approx,40 FT 3XL Trailer 35MT,7.473354210273853,7.005713821113785,0.2,50.0,0.95,10.0
2,32,56.7552026286966,15.876191799940827,18,119,1826,4.441063627549537,Normal_approx,32 FT Multi-Axle 14MT - HCV,5.695535963687151,4.077062055526572,0.2,50.0,0.95,10.0
2,33,89.31161007667032,24.056323109956267,32,169,1826,6.479635526375801,Normal_approx,40 FT 3XL Trailer 35MT,7.473354210273853,7.005713821113785,0.2,50.0,0.95,10.0
2,34,33.09145673603505,9.781439699200009,8,79,1826,2.891276843817476,Normal_approx,32 FT Multi-Axle 14MT - HCV,5.695535963687151,4.077062055526572,0.2,50.0,0.95,10.0
2,35,84.66265060240964,22.91380146132052,28,168,1826,6.201581142013889,Normal_approx,19 FT OPEN BODY 8 MT,2.251028757122507,1.5640035530881744,0.2,50.0,0.95,10.0
2,36,98.77053669222344,25.99461329735309,40,188,1826,6.841310608491692,Normal_approx,20 FT SXL Container,4.933651344797178,2.524617933440752,0.2,50.0,0.95,10.0
2,37,37.359255202628695,10.991711163157817,8,74,1826,3.233943333157967,Normal_approx,40 FT 3XL Trailer 35MT,7.473354210273853,7.005713821113785,0.2,50.0,0.95,10.0
2,38,103.24917853231106,27.084663038841015,36,188,1826,7.104937611663346,Normal_approx,32 FT Multi-Axle 14MT - HCV,5.695535963687151,4.077062055526572,0.2,50.0,0.95,10.0
2,39,56.164293537787515,15.769516491552615,18,112,1826,4.4276823353976456,Normal_approx,32 FT Multi-Axle 14MT - HCV,5.695535963687151,4.077062055526572,0.2,50.0,0.95,10.0
2,40,37.57064622124863,11.073091823924942,9,74,1826,3.263541484461548,Normal_approx,32 FT Single-Axle 7MT - HCV,6.43402524515763,5.331951270712372,0.2,50.0,0.95,10.0
2,41,28.069550930996716,8.513781479806589,5,59,1826,2.582316876535931,Normal_approx,32 FT Multi-Axle 14MT - HCV,5.695535963687151,4.077062055526572,0.2,50.0,0.95,10.0
2,42,47.36801752464403,13.564916315369606,14,96,1826,3.88462435750552,Normal_approx,40 FT 3XL Trailer 35MT,7.473354210273853,7.005713821113785,0.2,50.0,0.95,10.0
2,43,65.78532311062432,17.806260968444878,21,126,1826,4.819660597291463,Normal_approx,32 FT Multi-Axle 14MT - HCV,5.695535963687151,4.077062055526572,0.2,50.0,0.95,10.0
2,44,37.785870755750274,11.121034628755176,12,78,1826,3.273112640791809,Normal_approx,32 FT Multi-Axle 14MT - HCV,5.695535963687151,4.077062055526572,0.2,50.0,0.95,10.0
2,45,103.38116100766703,27.366740257019277,32,205,1826,7.244438590118137,Normal_approx,32 FT Multi-Axle 14MT - HCV,5.695535963687151,4.077062055526572,0.2,50.0,0.95,10.0
2,46,75.21960569550932,20.568588075171416,28,150,1826,5.624422136944827,Normal_approx,32 FT Single-Axle 7MT - HCV,6.43402524515763,5.331951270712372,0.2,50.0,0.95,10.0
2,47,28.187842278203725,8.623592046243944,5,61,1826,2.638241659154793,Normal_approx,32 FT Multi-Axle 14MT - HCV,5.695535963687151,4.077062055526572,0.2,50.0,0.95,10.0
2,48,66.02847754654984,18.064276700011135,18,128,1826,4.942081126503517,Normal_approx,20 FT SXL Container,4.933651344797178,2.524617933440752,0.2,50.0,0.95,10.0
2,49,37.71193866374589,11.18498209714685,10,77,1826,3.317353308960572,Normal_approx,24 FT SXL Container,4.247763558201059,4.668448832876775,0.2,50.0,0.95,10.0
2,50,84.62212486308871,22.877772500961928,29,164,1826,6.185054741328862,Normal_approx,40 FT Flat Bed Multi-Axle 27MT - Trailer,7.233716255868545,7.373434111835265,0.2,50.0,0.95,10.0
3,1,25.07009857612267,7.897390843010358,4,52,1826,2.4877757037088517,Normal_approx,40 FT Flat Bed Double-Axle 21MT - Trailer,6.950227529358627,8.552540879806243,0.2,50.0,0.95,10.0
3,2,66.80449069003286,18.47746058541778,19,131,1826,5.110682622666959,Normal_approx,40 FT 3XL Trailer 35MT,7.473354210273853,7.005713821113785,0.2,50.0,0.95,10.0
3,3,41.7710843373494,11.909759167435247,14,79,1826,3.3957069986684614,Normal_approx,32 FT Multi-Axle 14MT - HCV,5.695535963687151,4.077062055526572,0.2,50.0,0.95,10.0
3,4,25.116100766703177,7.981533022570806,3,54,1826,2.5364155838569835,Normal_approx,40 FT Flat Bed Multi-Axle 27MT - Trailer,7.233716255868545,7.373434111835265,0.2,50.0,0.95,10.0
3,5,20.857612267250822,6.841332049638906,3,43,1826,2.243968466462702,Normal_approx,40 FT 3XL Trailer 35MT,7.473354210273853,7.005713821113785,0.2,50.0,0.95,10.0
3,6,67.00711938663746,18.511320600714885,24,136,1826,5.113919140520257,Normal_approx,40 FT 3XL Trailer 35MT,7.473354210273853,7.005713821113785,0.2,50.0,0.95,10.0
3,7,66.64786418400877,18.324899994798123,22,123,1826,5.038450427942195,Normal_approx,32 FT Multi-Axle 14MT - HCV,5.695535963687151,4.077062055526572,0.2,50.0,0.95,10.0
3,8,87.51752464403067,23.59180191032694,31,178,1826,6.359561923625181,Normal_approx,32 FT Multi-Axle 14MT - HCV,5.695535963687151,4.077062055526572,0.2,50.0,0.95,10.0
3,9,58.486856516977,15.819567986003419,16,108,1826,4.27888838907151,Normal_approx,22 FT Taurus Open 16MT - HCV,10.680205761316872,9.574067570473186,0.2,50.0,0.95,10.0
3,10,83.38773274917854,22.43318829554403,29,158,1826,6.035035616294428,Normal_approx,40 FT Flat Bed Double-Axle 21MT - Trailer,6.950227529358627,8.552540879806243,0.2,50.0,0.95,10.0
3,11,79.29134720700986,21.377327681138716,30,169,1826,5.7634301204858165,Normal_approx,32 FT Multi-Axle 14MT - HCV,5.695535963687151,4.077062055526572,0.2,50.0,0.95,10.0
3,12,79.08378970427164,21.305477849543646,23,155,1826,5.7397778747681425,Normal_approx,32 FT Multi-Axle 14MT - HCV,5.695535963687151,4.077062055526572,0.2,50.0,0.95,10.0
3,13,96.21467688937568,25.708032396050186,34,186,1826,6.869044838515118,Normal_approx,32 FT Multi-Axle 14MT - HCV,5.695535963687151,4.077062055526572,0.2,50.0,0.95,10.0
3,14,66.84118291347207,18.37204462182285,21,126,1826,5.049761372763187,Normal_approx,32 FT Single-Axle 7MT - HCV,6.43402524515763,5.331951270712372,0.2,50.0,0.95,10.0
3,15,100.42332968236583,26.84261349539768,41,196,1826,7.1748855723296,Normal_approx,32 FT Multi-Axle 14MT - HCV,5.695535963687151,4.077062055526572,0.2,50.0,0.95,10.0
3,16,29.142935377875137,8.881493576305653,5,61,1826,2.7066912486050994,Normal_approx,40 FT 3XL Trailer 35MT,7.473354210273853,7.005713821113785,0.2,50.0,0.95,10.0
3,17,37.75301204819277,11.014103248773782,10,70,1826,3.213266009604558,Normal_approx,40 FT 3XL Trailer 35MT,7.473354210273853,7.005713821113785,0.2,50.0,0.95,10.0
3,18,96.0909090909091,25.547237033577858,30,176,1826,6.792123482069944,Normal_approx,40 FT 3XL Trailer 35MT,7.473354210273853,7.005713821113785,0.2,50.0,0.95,10.0
3,19,45.85432639649507,13.180833964956966,15,92,1826,3.788832977492888,Normal_approx,32 FT Multi-Axle 14MT - HCV,5.695535963687151,4.077062055526572,0.2,50.0,0.95,10.0
3,20,54.24370208105148,15.028312140554428,14,112,1826,4.163620054111868,Normal_approx,32 FT Single-Axle 7MT - HCV,6.43402524515763,5.331951270712372,0.2,50.0,0.95,10.0
3,21,45.95564074479737,13.114989999428563,12,92,1826,3.7428041454211174,Normal_approx,32 FT Single-Axle 7MT - HCV,6.43402524515763,5.331951270712372,0.2,50.0,0.95,10.0
3,22,91.84556407447974,24.49177048332101,28,183,1826,6.531037480713213,Normal_approx,32 FT Single-Axle 7MT - HCV,6.43402524515763,5.331951270712372,0.2,50.0,0.95,10.0
3,23,33.38992332968237,9.936907117539716,7,71,1826,2.95724318045479,Normal_approx,20 FT SXL Container,4.933651344797178,2.524617933440752,0.2,50.0,0.95,10.0
3,24,75.1538882803943,20.356248509146813,26,146,1826,5.513711437259621,Normal_approx,32 FT Multi-Axle 14MT - HCV,5.695535963687151,4.077062055526572,0.2,50.0,0.95,10.0
3,25,91.8395399780942,24.18567429725542,36,181,1826,6.3692266027513265,Normal_approx,19 FT Open 7MT - MCV,17.961898148148148,10.080516945624474,0.2,50.0,0.95,10.0
3,26,54.19496166484118,15.357807235879088,15,105,1826,4.352106466152093,Normal_approx,32 FT Single-Axle 7MT - HCV,6.43402524515763,5.331951270712372,0.2,50.0,0.95,10.0
3,27,25.09090909090909,8.026835439517933,6,53,1826,2.5678657931308395,Normal_approx,32 FT Multi-Axle 14MT - HCV,5.695535963687151,4.077062055526572,0.2,50.0,0.95,10.0
3,28,100.1434830230011,26.21979182856215,37,189,1826,6.864924833653267,Normal_approx,32 FT Multi-Axle 14MT - HCV,5.695535963687151,4.077062055526572,0.2,50.0,0.95,10.0
3,29,79.68181818181819,21.508254374231498,28,153,1826,5.805653244145045,Normal_approx,22 FT Taurus Open 16MT - HCV,10.680205761316872,9.574067570473186,0.2,50.0,0.95,10.0
3,30,45.948521358159915,13.15115831155976,15,85,1826,3.7640594261471905,Normal_approx,32 FT Single-Axle 7MT - HCV,6.43402524515763,5.331951270712372,0.2,50.0,0.95,10.0
3,31,66.97426067907996,18.42787926986206,21,136,1826,5.0704066150398726,Normal_approx,32 FT Multi-Axle 14MT - HCV,5.695535963687151,4.077062055526572,0.2,50.0,0.95,10.0
3,32,50.039430449069,14.459185088685278,15,97,1826,4.178065808355908,Normal_approx,40 FT Flat Bed Multi-Axle 27MT - Trailer,7.233716255868545,7.373434111835265,0.2,50.0,0.95,10.0
3,33,79.12924424972618,21.167039489347523,26,151,1826,5.6621741429705095,Normal_approx,32 FT Single-Axle 7MT - HCV,6.43402524515763,5.331951270712372,0.2,50.0,0.95,10.0
3,34,29.092004381161008,8.837979787257979,6,64,1826,2.684926266907958,Normal_approx,32 FT Multi-Axle 14MT - HCV,5.695535963687151,4.077062055526572,0.2,50.0,0.95,10.0
3,35,74.62322015334064,19.878573519912717,25,143,1826,5.295371660115704,Normal_approx,32 FT Single-Axle 7MT - HCV,6.43402524515763,5.331951270712372,0.2,50.0,0.95,10.0
3,36,87.75848849945235,23.73348011967117,28,163,1826,6.41850250867005,Normal_approx,19 FT OPEN BODY 8 MT,2.251028757122507,1.5640035530881744,0.2,50.0,0.95,10.0
3,37,33.4408543263965,10.04401579534419,8,68,1826,3.0167367230654842,Normal_approx,40 FT Flat Bed Multi-Axle 27MT - Trailer,7.233716255868545,7.373434111835265,0.2,50.0,0.95,10.0
3,38,91.87185104052574,24.760640586834676,28,182,1826,6.673309782339792,Normal_approx,32 FT Multi-Axle MXL 18MT,6.487615878527337,3.6930577510741505,0.2,50.0,0.95,10.0
3,39,50.17305585980285,14.253119136608579,17,104,1826,4.049013990497566,Normal_approx,40 FT 3XL Trailer 35MT,7.473354210273853,7.005713821113785,0.2,50.0,0.95,10.0
3,40,33.56900328587076,10.26535083269662,9,67,1826,3.1391288809191042,Normal_approx,20 FT SXL Container,4.933651344797178,2.524617933440752,0.2,50.0,0.95,10.0
3,41,24.98904709748083,7.956449299005421,5,55,1826,2.533313303252196,Normal_approx,32 FT Multi-Axle MXL 18MT,6.487615878527337,3.6930577510741505,0.2,50.0,0.95,10.0
3,42,41.7973713033954,12.325828264308907,12,87,1826,3.6348229006663546,Normal_approx,32 FT Multi-Axle MXL 18MT,6.487615878527337,3.6930577510741505,0.2,50.0,0.95,10.0
3,43,58.19769989047097,15.954655443569925,18,112,1826,4.3739019033759865,Normal_approx,40 FT Flat Bed Multi-Axle 27MT - Trailer,7.233716255868545,7.373434111835265,0.2,50.0,0.95,10.0
3,44,33.38608981380066,10.173745600877835,6,70,1826,3.1002462441287646,Normal_approx,32 FT Single-Axle 7MT - HCV,6.43402524515763,5.331951270712372,0.2,50.0,0.95,10.0
3,45,91.85104052573932,24.468570648929287,32,169,1826,6.518281623972105,Normal_approx,32 FT Multi-Axle MXL 18MT,6.487615878527337,3.6930577510741505,0.2,50.0,0.95,10.0
3,46,66.74808324205915,18.246863018685044,23,129,1826,4.988128405354109,Normal_approx,32 FT Multi-Axle 14MT - HCV,5.695535963687151,4.077062055526572,0.2,50.0,0.95,10.0
3,47,25.120481927710845,7.956026198015487,5,55,1826,2.5197905456456726,Normal_approx,32 FT Multi-Axle 14MT - HCV,5.695535963687151,4.077062055526572,0.2,50.0,0.95,10.0
3,48,58.700985761226725,16.47205584270759,18,117,1826,4.622215797004481,Normal_approx,32 FT Single-Axle 7MT - HCV,6.43402524515763,5.331951270712372,0.2,50.0,0.95,10.0
3,49,33.25958378970427,10.157147622569735,11,68,1826,3.1018923291099707,Normal_approx,32 FT Multi-Axle 14MT - HCV,5.695535963687151,4.077062055526572,0.2,50.0,0.95,10.0
3,50,74.95837897042716,19.909890662500903,25,147,1826,5.2883180191120625,Normal_approx,19 FT OPEN BODY 8 MT,2.251028757122507,1.5640035530881744,0.2,50.0,0.95,10.0
4,1,22.93866374589266,7.348809626448035,4,54,1826,2.354322096702137,Normal_approx,40 FT 3XL Trailer 35MT,7.473354210273853,7.005713821113785,0.2,50.0,0.95,10.0
4,2,61.715224534501644,17.163227923210616,13,133,1826,4.773155975141837,Normal_approx,40 FT 3XL Trailer 35MT,7.473354210273853,7.005713821113785,0.2,50.0,0.95,10.0
4,3,38.54819277108434,11.3758759177708,9,80,1826,3.35711076431035,Normal_approx,32 FT Multi-Axle 14MT - HCV,5.695535963687151,4.077062055526572,0.2,50.0,0.95,10.0
4,4,23.086527929901425,7.432042016893025,6,54,1826,2.3925316404691253,Normal_approx,32 FT Single-Axle 7MT - HCV,6.43402524515763,5.331951270712372,0.2,50.0,0.95,10.0
4,5,19.525191675794087,6.621068124851542,4,49,1826,2.2452298467457785,Normal_approx,24 / 26 FT Taurus Open 21MT - HCV,7.100889423076923,8.006658957517667,0.2,50.0,0.95,10.0
4,6,61.27053669222344,16.89156967124068,22,113,1826,4.656808008580606,Normal_approx,40 FT 3XL Trailer 35MT,7.473354210273853,7.005713821113785,0.2,50.0,0.95,10.0
4,7,61.62541073384447,17.121288213951008,19,117,1826,4.756779818818912,Normal_approx,32 FT Multi-Axle 14MT - HCV,5.695535963687151,4.077062055526572,0.2,50.0,0.95,10.0
4,8,80.81982475355969,21.98978246348033,26,155,1826,5.9830683160432026,Normal_approx,32 FT Single-Axle 7MT - HCV,6.43402524515763,5.331951270712372,0.2,50.0,0.95,10.0
4,9,54.04381161007667,15.17710054196546,16,111,1826,4.262178665761978,Normal_approx,40 FT 3XL Trailer 35MT,7.473354210273853,7.005713821113785,0.2,50.0,0.95,10.0
4,10,77.04764512595838,20.800248350388312,26,154,1826,5.615360868337117,Normal_approx,40 FT 3XL Trailer 35MT,7.473354210273853,7.005713821113785,0.2,50.0,0.95,10.0
4,11,73.40087623220154,20.32430973871155,25,145,1826,5.627692577515372,Normal_approx,24 / 26 FT Taurus Open 21MT - HCV,7.100889423076923,8.006658957517667,0.2,50.0,0.95,10.0
4,12,73.10295728368017,19.882705970997375,24,150,1826,5.407742879608348,Normal_approx,40 FT Flat Bed Multi-Axle 27MT - Trailer,7.233716255868545,7.373434111835265,0.2,50.0,0.95,10.0
4,13,88.60460021905806,23.66821487279393,30,169,1826,6.322294710204595,Normal_approx,32 FT Multi-Axle 14MT - HCV,5.695535963687151,4.077062055526572,0.2,50.0,0.95,10.0
4,14,61.75684556407448,17.017509748611335,20,127,1826,4.689288052182299,Normal_approx,19 FT Open 7MT - MCV,17.961898148148148,10.080516945624474,0.2,50.0,0.95,10.0
4,15,92.6538882803943,24.40032851107405,36,180,1826,6.425807297439838,Normal_approx,32 FT Single-Axle 7MT - HCV,6.43402524515763,5.331951270712372,0.2,50.0,0.95,10.0
4,16,27.176889375684556,8.414725017089683,5,63,1826,2.605434203098581,Normal_approx,32 FT Multi-Axle 14MT - HCV,5.695535963687151,4.077062055526572,0.2,50.0,0.95,10.0
4,17,34.55202628696605,10.452123268667407,7,70,1826,3.1618082226520388,Normal_approx,40 FT 3XL Trailer 35MT,7.473354210273853,7.005713821113785,0.2,50.0,0.95,10.0
4,18,88.50164293537787,23.637334006675143,32,166,1826,6.313143354311398,Normal_approx,40 FT 3XL Trailer 35MT,7.473354210273853,7.005713821113785,0.2,50.0,0.95,10.0
4,19,42.43592552026287,12.375074446398365,11,89,1826,3.60879291959303,Normal_approx,32 FT Multi-Axle 14MT - HCV,5.695535963687151,4.077062055526572,0.2,50.0,0.95,10.0
4,20,50.02245345016429,14.01361528566214,18,96,1826,3.9258652830811642,Normal_approx,40 FT Flat Bed Multi-Axle 27MT - Trailer,7.233716255868545,7.373434111835265,0.2,50.0,0.95,10.0
4,21,42.29463307776561,12.13570498833603,11,93,1826,3.4821282240026576,Normal_approx,32 FT Multi-Axle 14MT - HCV,5.695535963687151,4.077062055526572,0.2,50.0,0.95,10.0
4,22,84.6341730558598,22.34292665002486,33,151,1826,5.898401948807458,Normal_approx,32 FT Single-Axle 7MT - HCV,6.43402524515763,5.331951270712372,0.2,50.0,0.95,10.0
4,23,30.737130339539977,9.346007060756731,7,64,1826,2.8417697753440296,Normal_approx,32 FT Multi-Axle 14MT - HCV,5.695535963687151,4.077062055526572,0.2,50.0,0.95,10.0
4,24,69.11938663745893,18.834447800568686,24,137,1826,5.132227602264324,Normal_approx,40 FT Flat Bed Multi-Axle 27MT - Trailer,7.233716255868545,7.373434111835265,0.2,50.0,0.95,10.0
4,25,85.02245345016429,22.64351586293122,31,156,1826,6.030510645465584,Normal_approx,32 FT Multi-Axle 14MT - HCV,5.695535963687151,4.077062055526572,0.2,50.0,0.95,10.0
4,26,49.90197152245345,14.326284931781363,13,99,1826,4.112912449846529,Normal_approx,19 FT Open 7MT - MCV,17.961898148148148,10.080516945624474,0.2,50.0,0.95,10.0
4,27,23.11171960569551,7.334109061519842,4,48,1826,2.3273541148799675,Normal_approx,32 FT Multi-Axle 14MT - HCV,5.695535963687151,4.077062055526572,0.2,50.0,0.95,10.0
4,28,92.552573932092,24.77253730101431,29,186,1826,6.630594679953642,Normal_approx,Tata 407 Open 2MT - Mini-LCV,0.6063767887205388,0.512597331579344,0.2,50.0,0.95,10.0
4,29,73.24370208105148,20.267019603339662,27,144,1826,5.608019146105093,Normal_approx,40 FT 3XL Trailer 35MT,7.473354210273853,7.005713821113785,0.2,50.0,0.95,10.0
4,30,42.48849945235487,12.17084453544732,9,95,1826,3.4863423894773007,Normal_approx,40 FT 3XL Trailer 35MT,7.473354210273853,7.005713821113785,0.2,50.0,0.95,10.0
4,31,61.30887185104053,16.625871838728198,14,116,1826,4.508639713179194,Normal_approx,40 FT 3XL Trailer 35MT,7.473354210273853,7.005713821113785,0.2,50.0,0.95,10.0
4,32,46.06297918948521,13.4015692680221,13,93,1826,3.8990543383392833,Normal_approx,40 FT 3XL Trailer 35MT,7.473354210273853,7.005713821113785,0.2,50.0,0.95,10.0
4,33,73.37842278203723,19.53755091643753,26,141,1826,5.202018268316223,Normal_approx,32 FT Single-Axle 7MT - HCV,6.43402524515763,5.331951270712372,0.2,50.0,0.95,10.0
4,34,27.001095290251918,8.602898454206038,5,58,1826,2.740994801055351,Normal_approx,32 FT Multi-Axle 14MT - HCV,5.695535963687151,4.077062055526572,0.2,50.0,0.95,10.0
4,35,68.97042716319825,19.151514165494337,25,143,1826,5.317938570443416,Normal_approx,40 FT 3XL Trailer 35MT,7.473354210273853,7.005713821113785,0.2,50.0,0.95,10.0
4,36,81.02683461117196,21.848741352470448,29,158,1826,5.891474114445202,Normal_approx,32 FT Single-Axle 7MT - HCV,6.43402524515763,5.331951270712372,0.2,50.0,0.95,10.0
4,37,30.736582694414018,9.373886674379879,7,65,1826,2.8588002855660943,Normal_approx,32 FT Multi-Axle 14MT - HCV,5.695535963687151,4.077062055526572,0.2,50.0,0.95,10.0
4,38,84.57447973713035,22.751238060615993,25,173,1826,6.12027215419658,Normal_approx,22 FT Closed Container,1.0978160612535612,1.0343863002918698,0.2,50.0,0.95,10.0
4,39,46.168127053669224,13.248052531878413,15,99,1826,3.801559800842327,Normal_approx,40 FT 3XL Trailer 35MT,7.473354210273853,7.005713821113785,0.2,50.0,0.95,10.0
4,40,30.555312157721797,9.45040155621639,8,62,1826,2.9228989418511677,Normal_approx,32 FT Multi-Axle 14MT - HCV,5.695535963687151,4.077062055526572,0.2,50.0,0.95,10.0
4,41,23.168127053669224,7.407193282598089,6,57,1826,2.368189374940295,Normal_approx,40 FT Flat Bed Multi-Axle 27MT - Trailer,7.233716255868545,7.373434111835265,0.2,50.0,0.95,10.0
4,42,38.539978094194964,11.126509910751025,12,83,1826,3.212228675674517,Normal_approx,32 FT Multi-Axle 14MT - HCV,5.695535963687151,4.077062055526572,0.2,50.0,0.95,10.0
4,43,54.01861993428258,15.189206097594358,15,108,1826,4.270971419778492,Normal_approx,24 FT SXL Container,4.247763558201059,4.668448832876775,0.2,50.0,0.95,10.0
4,44,30.95235487404162,9.280790438527216,7,71,1826,2.7827631052425743,Normal_approx,40 FT 3XL Trailer 35MT,7.473354210273853,7.005713821113785,0.2,50.0,0.95,10.0
4,45,84.68729463307777,22.829642413576522,30,169,1826,6.154318366053944,Normal_approx,32 FT Multi-Axle 14MT - HCV,5.695535963687151,4.077062055526572,0.2,50.0,0.95,10.0
4,46,61.42004381161008,17.072622101561816,21,119,1826,4.74559129779781,Normal_approx,32 FT Multi-Axle 14MT - HCV,5.695535963687151,4.077062055526572,0.2,50.0,0.95,10.0
4,47,23.1144578313253,7.480351552549359,4,53,1826,2.4208077800507644,Normal_approx,32 FT Single-Axle 7MT - HCV,6.43402524515763,5.331951270712372,0.2,50.0,0.95,10.0
4,48,53.76560788608981,15.28128374753698,9,103,1826,4.343252911182156,Normal_approx,40 FT 3XL Trailer 35MT,7.473354210273853,7.005713821113785,0.2,50.0,0.95,10.0
4,49,30.840635268346112,9.391007790553711,7,67,1826,2.8595723322456035,Normal_approx,32 FT Multi-Axle 14MT - HCV,5.695535963687151,4.077062055526572,0.2,50.0,0.95,10.0
4,50,68.92168674698796,18.84011751708134,23,142,1826,5.150048479812448,Normal_approx,32 FT Multi-Axle 14MT - HCV,5.695535963687151,4.077062055526572,0.2,50.0,0.95,10.0
5,1,16.739320920043813,5.772960910623246,3,40,1826,1.9909456204808065,Normal_approx,40 FT 3XL Trailer 35MT,7.473354210273853,7.005713821113785,0.2,50.0,0.95,10.0
5,2,44.48849945235487,12.644653610328955,9,87,1826,3.593901050684727,Normal_approx,40 FT Flat Bed Multi-Axle 27MT - Trailer,7.233716255868545,7.373434111835265,0.2,50.0,0.95,10.0
5,3,27.835706462212485,8.662269370743598,8,59,1826,2.69563521777987,Normal_approx,32 FT Single-Axle 7MT - HCV,6.43402524515763,5.331951270712372,0.2,50.0,0.95,10.0
5,4,16.776560788608982,5.7014699763632235,2,40,1826,1.9376295476151957,Normal_approx,32 FT Multi-Axle 14MT - HCV,5.695535963687151,4.077062055526572,0.2,50.0,0.95,10.0
5,5,14.086527929901424,5.157270627152052,2,33,1826,1.8881473457506177,Normal_approx,1.5 MT Vehicle (Closed Body),3.53250462962963,4.017850439709488,0.2,50.0,0.95,10.0
5,6,44.56462212486309,12.992956460450404,14,97,1826,3.7881375300380946,Normal_approx,32 FT Multi-Axle 14MT - HCV,5.695535963687151,4.077062055526572,0.2,50.0,0.95,10.0
5,7,44.53559693318729,12.855278457459367,13,98,1826,3.71069875782154,Normal_approx,30 FT Open SXL 30MT,11.785517526455026,15.634851228755624,0.2,50.0,0.95,10.0
5,8,58.565717415115,16.577697741741485,18,120,1826,4.692507401021156,Normal_approx,40 FT 3XL Trailer 35MT,7.473354210273853,7.005713821113785,0.2,50.0,0.95,10.0
5,9,38.83734939759036,11.438476112007995,10,84,1826,3.3688894271733014,Normal_approx,24 FT SXL Container,4.247763558201059,4.668448832876775,0.2,50.0,0.95,10.0
5,10,55.509857612267254,15.561707878292284,20,115,1826,4.362590042669955,Normal_approx,32 FT Single-Axle 7MT - HCV,6.43402524515763,5.331951270712372,0.2,50.0,0.95,10.0
5,11,52.9802847754655,15.140317042190254,15,109,1826,4.32668871278302,Normal_approx,40 FT 3XL Trailer 35MT,7.473354210273853,7.005713821113785,0.2,50.0,0.95,10.0
5,12,53.049288061336256,14.845460799253761,18,117,1826,4.15439517467916,Normal_approx,32 FT Single-Axle 7MT - HCV,6.43402524515763,5.331951270712372,0.2,50.0,0.95,10.0
5,13,64.3959474260679,17.61457568942069,24,127,1826,4.818211224775453,Normal_approx,32 FT Multi-Axle 14MT - HCV,5.695535963687151,4.077062055526572,0.2,50.0,0.95,10.0
5,14,44.91237677984666,12.997955166571627,13,87,1826,3.761698904076189,Normal_approx,40 FT 3XL Trailer 35MT,7.473354210273853,7.005713821113785,0.2,50.0,0.95,10.0
5,15,66.98740416210296,18.345074517868618,20,129,1826,5.02395582088469,Normal_approx,40 FT 3XL Trailer 35MT,7.473354210273853,7.005713821113785,0.2,50.0,0.95,10.0
5,16,19.38937568455641,6.252326860590423,4,44,1826,2.0161345990524517,Normal_approx,40 FT 3XL Trailer 35MT,7.473354210273853,7.005713821113785,0.2,50.0,0.95,10.0
5,17,25.06736035049288,8.038629838844864,4,54,1826,2.5778370272120195,Normal_approx,30 FT Open SXL 30MT,11.785517526455026,15.634851228755624,0.2,50.0,0.95,10.0
5,18,64.08050383351588,17.411587480621275,23,130,1826,4.73097682538452,Normal_approx,25 FT Open Body 21MT,12.354972222222223,9.370315807392997,0.2,50.0,0.95,10.0
5,19,30.704819277108435,9.383807025727268,8,66,1826,2.867818028870057,Normal_approx,40 FT Flat Bed Multi-Axle 27MT - Trailer,7.233716255868545,7.373434111835265,0.2,50.0,0.95,10.0
5,20,36.34775465498357,10.749709796505554,9,70,1826,3.179185669265097,Normal_approx,32 FT Multi-Axle 14MT - HCV,5.695535963687151,4.077062055526572,0.2,50.0,0.95,10.0
5,21,30.491785323110623,9.445108229576265,7,71,1826,2.9257083021896504,Normal_approx,32 FT Multi-Axle 14MT - HCV,5.695535963687151,4.077062055526572,0.2,50.0,0.95,10.0
5,22,61.38828039430449,16.899083369815234,20,121,1826,4.6520120274693575,Normal_approx,32 FT Multi-Axle MXL 18MT,6.487615878527337,3.6930577510741505,0.2,50.0,0.95,10.0
5,23,22.348849945235486,7.211968081470972,5,49,1826,2.327300229569287,Normal_approx,40 FT 3XL Trailer 35MT,7.473354210273853,7.005713821113785,0.2,50.0,0.95,10.0
5,24,50.14676889375684,14.286360310593269,16,110,1826,4.070054670052821,Normal_approx,40 FT Flat Bed Multi-Axle 27MT - Trailer,7.233716255868545,7.373434111835265,0.2,50.0,0.95,10.0
5,25,61.20043811610077,17.241279545204716,18,123,1826,4.85718288146846,Normal_approx,32 FT Multi-Axle 14MT - HCV,5.695535963687151,4.077062055526572,0.2,50.0,0.95,10.0
5,26,36.35596933187295,10.762049505230475,10,79,1826,3.185768710930551,Normal_approx,40 FT Flat Bed Multi-Axle 27MT - Trailer,7.233716255868545,7.373434111835265,0.2,50.0,0.95,10.0
5,27,16.763417305585982,5.848488683178539,3,44,1826,2.0404443350503216,Normal_approx,19 FT OPEN BODY 8 MT,2.251028757122507,1.5640035530881744,0.2,50.0,0.95,10.0
5,28,66.98083242059145,18.130762915813442,22,127,1826,4.907740797326645,Normal_approx,32 FT Single-Axle 7MT - HCV,6.43402524515763,5.331951270712372,0.2,50.0,0.95,10.0
5,29,52.775465498357065,14.883362796739075,16,99,1826,4.197300507870511,Normal_approx,32 FT Single-Axle 7MT - HCV,6.43402524515763,5.331951270712372,0.2,50.0,0.95,10.0
5,30,30.738773274917854,9.223507633740192,6,63,1826,2.7676150999519984,Normal_approx,24 / 26 FT Taurus Open 21MT - HCV,7.100889423076923,8.006658957517667,0.2,50.0,0.95,10.0
5,31,44.698247535596934,12.76872751712705,14,92,1826,3.6475792988706077,Normal_approx,32 FT Multi-Axle 14MT - HCV,5.695535963687151,4.077062055526572,0.2,50.0,0.95,10.0
5,32,33.25739320920044,10.064096641076056,8,70,1826,3.045519550007853,Normal_approx,32 FT Multi-Axle 14MT - HCV,5.695535963687151,4.077062055526572,0.2,50.0,0.95,10.0
5,33,53.15717415115005,15.192101246508834,15,121,1826,4.341839910976192,Normal_approx,40 FT Flat Bed Multi-Axle 27MT - Trailer,7.233716255868545,7.373434111835265,0.2,50.0,0.95,10.0
5,34,19.64841182913472,6.5748495641649205,2,49,1826,2.2001089537068887,Normal_approx,32 FT Single-Axle 7MT - HCV,6.43402524515763,5.331951270712372,0.2,50.0,0.95,10.0
5,35,50.1829134720701,14.265868970365329,13,103,1826,4.055464368223679,Normal_approx,40 FT Flat Bed Multi-Axle 27MT - Trailer,7.233716255868545,7.373434111835265,0.2,50.0,0.95,10.0
5,36,58.565717415115,16.308340817654,16,117,1826,4.541257103359898,Normal_approx,40 FT 3XL Trailer 35MT,7.473354210273853,7.005713821113785,0.2,50.0,0.95,10.0
5,37,22.289156626506024,7.061969351671529,4,47,1826,2.237474120696045,Normal_approx,32 FT Multi-Axle MXL 18MT,6.487615878527337,3.6930577510741505,0.2,50.0,0.95,10.0
5,38,61.34830230010953,16.76523604313369,22,118,1826,4.581596051460533,Normal_approx,40 FT 3XL Trailer 35MT,7.473354210273853,7.005713821113785,0.2,50.0,0.95,10.0
5,39,33.232201533406354,10.114184981278843,9,73,1826,3.0782413778001945,Normal_approx,15 FT Single-Axle 7.2MT (8.5 H) Container - HCV,0.7489849537037037,0.5893643380222833,0.2,50.0,0.95,10.0
5,40,22.109529025191677,7.212245833985543,5,51,1826,2.352672909068938,Normal_approx,24 / 26 FT Taurus Open 21MT - HCV,7.100889423076923,8.006658957517667,0.2,50.0,0.95,10.0
5,41,16.830777656078862,5.922361168138805,3,39,1826,2.0839418428898577,Normal_approx,40 FT 3XL Trailer 35MT,7.473354210273853,7.005713821113785,0.2,50.0,0.95,10.0
5,42,27.730558598028477,8.496685407891356,5,55,1826,2.6033973555010372,Normal_approx,40 FT 3XL Trailer 35MT,7.473354210273853,7.005713821113785,0.2,50.0,0.95,10.0
5,43,39.1631982475356,11.375565424387142,11,79,1826,3.3042114667602545,Normal_approx,32 FT Multi-Axle 14MT - HCV,5.695535963687151,4.077062055526572,0.2,50.0,0.95,10.0
5,44,22.41511500547645,7.405120140020437,4,63,1826,2.4463762186693594,Normal_approx,32 FT Single-Axle 7MT - HCV,6.43402524515763,5.331951270712372,0.2,50.0,0.95,10.0
5,45,61.427163198247534,17.085230547237412,18,118,1826,4.752052474084986,Normal_approx,32 FT Single-Axle 7MT - HCV,6.43402524515763,5.331951270712372,0.2,50.0,0.95,10.0
5,46,44.734939759036145,12.803118430992232,11,95,1826,3.6642463908739775,Normal_approx,40 FT 3XL Trailer 35MT,7.473354210273853,7.005713821113785,0.2,50.0,0.95,10.0
5,47,16.69934282584885,5.873084145157863,3,40,1826,2.065537412808419,Normal_approx,32 FT Single-Axle 7MT - HCV,6.43402524515763,5.331951270712372,0.2,50.0,0.95,10.0
5,48,39.28148959474261,11.462465592145742,8,79,1826,3.3447844979053407,Normal_approx,32 FT Multi-Axle 14MT - HCV,5.695535963687151,4.077062055526572,0.2,50.0,0.95,10.0
5,49,22.37185104052574,7.33557715066888,5,52,1826,2.4052856438181793,Normal_approx,32 FT Multi-Axle 14MT - HCV,5.695535963687151,4.077062055526572,0.2,50.0,0.95,10.0
5,50,50.31927710843374,14.29042905010363,12,104,1826,4.058412087200238,Normal_approx,32 FT Multi-Axle 14MT - HCV,5.695535963687151,4.077062055526572,0.2,50.0,0.95,10.0
6,1,16.717962760131435,5.626928933018663,2,37,1826,1.893910739695512,Normal_approx,32 FT Single-Axle 7MT - HCV,6.43402524515763,5.331951270712372,0.2,50.0,0.95,10.0
6,2,44.53395399780942,12.501975621457854,14,91,1826,3.50966802649535,Normal_approx,40 FT 3XL Trailer 35MT,7.473354210273853,7.005713821113785,0.2,50.0,0.95,10.0
6,3,27.81106243154436,8.462773163115427,8,61,1826,2.575181361252645,Normal_approx,32 FT Multi-Axle 14MT - HCV,5.695535963687151,4.077062055526572,0.2,50.0,0.95,10.0
6,4,16.754107338444687,5.856016421254839,0,39,1826,2.046837090945235,Normal_approx,32 FT Multi-Axle 14MT - HCV,5.695535963687151,4.077062055526572,0.2,50.0,0.95,10.0
6,5,13.893209200438116,5.187877111908688,2,36,1826,1.9372103694672147,Normal_approx,32 FT Multi-Axle 14MT - HCV,5.695535963687151,4.077062055526572,0.2,50.0,0.95,10.0
6,6,44.50383351588171,12.808183881300264,12,89,1826,3.6861897364112894,Normal_approx,40 FT 3XL Trailer 35MT,7.473354210273853,7.005713821113785,0.2,50.0,0.95,10.0
6,7,44.59912376779847,12.809297962819405,11,94,1826,3.678953764978614,Normal_approx,40 FT 3XL Trailer 35MT,7.473354210273853,7.005713821113785,0.2,50.0,0.95,10.0
6,8,58.3855421686747,16.349380254070606,18,114,1826,4.578226471203485,Normal_approx,22 FT Taurus Open 16MT - HCV,10.680205761316872,9.574067570473186,0.2,50.0,0.95,10.0
6,9,39.460021905805036,11.469735796102563,12,81,1826,3.333876487611459,Normal_approx,20 FT CLOSE 7MT-MCV ,4.930623346560847,4.133408767609656,0.2,50.0,0.95,10.0
6,10,55.56516976998905,15.601804335368005,14,115,1826,4.380735261436705,Normal_approx,32 FT Single-Axle 7MT - HCV,6.43402524515763,5.331951270712372,0.2,50.0,0.95,10.0
6,11,53.031763417305584,14.9833909456812,16,106,1826,4.233349784439956,Normal_approx,32 FT Multi-Axle 14MT - HCV,5.695535963687151,4.077062055526572,0.2,50.0,0.95,10.0
6,12,52.872398685651696,14.833491703107816,14,108,1826,4.161575445334958,Normal_approx,40 FT 3XL Trailer 35MT,7.473354210273853,7.005713821113785,0.2,50.0,0.95,10.0
6,13,64.32475355969332,17.957215837210533,20,121,1826,5.013025045248261,Normal_approx,32 FT Multi-Axle 14MT - HCV,5.695535963687151,4.077062055526572,0.2,50.0,0.95,10.0
6,14,44.61555312157722,12.781581746421852,12,93,1826,3.6617013689213893,Normal_approx,32 FT Multi-Axle 14MT - HCV,5.695535963687151,4.077062055526572,0.2,50.0,0.95,10.0
6,15,66.66867469879519,18.202792924235933,23,126,1826,4.969975355586326,Normal_approx,40 FT Flat Bed Multi-Axle 27MT - Trailer,7.233716255868545,7.373434111835265,0.2,50.0,0.95,10.0
6,16,19.617196056955095,6.464631701628875,2,45,1826,2.130348441049926,Normal_approx,32 FT Multi-Axle 14MT - HCV,5.695535963687151,4.077062055526572,0.2,50.0,0.95,10.0
6,17,25.058598028477547,7.719774643987141,5,55,1826,2.378222456269136,Normal_approx,32 FT Multi-Axle 14MT - HCV,5.695535963687151,4.077062055526572,0.2,50.0,0.95,10.0
6,18,63.72562979189485,17.677003721277227,18,129,1826,4.903466024305848,Normal_approx,32 FT Multi-Axle 14MT - HCV,5.695535963687151,4.077062055526572,0.2,50.0,0.95,10.0
6,19,30.484118291347208,9.331579596730068,5,61,1826,2.8565162009237355,Normal_approx,24 FT SXL Container,4.247763558201059,4.668448832876775,0.2,50.0,0.95,10.0
6,20,36.19660460021906,10.577526420542362,11,75,1826,3.0910099555745236,Normal_approx,17 FT Open 5MT - MCV,3.2839789094650205,3.0206402199696107,0.2,50.0,0.95,10.0
6,21,30.82420591456736,9.344387227461947,8,66,1826,2.8327598413650663,Normal_approx,19 FT Open 7MT - MCV,17.961898148148148,10.080516945624474,0.2,50.0,0.95,10.0
6,22,61.030668127053666,16.87508145222163,22,121,1826,4.665988145931543,Normal_approx,32 FT Multi-Axle 14MT - HCV,5.695535963687151,4.077062055526572,0.2,50.0,0.95,10.0
6,23,22.246440306681272,7.33455330972153,4,45,1826,2.4181698964661145,Normal_approx,19 FT Open 7MT - MCV,17.961898148148148,10.080516945624474,0.2,50.0,0.95,10.0
6,24,50.508214676889374,14.370791853948237,16,103,1826,4.0888330706331715,Normal_approx,32 FT Single-Axle 7MT - HCV,6.43402524515763,5.331951270712372,0.2,50.0,0.95,10.0
6,25,61.36418400876232,17.02894904428843,21,131,1826,4.725641027208384,Normal_approx,40 FT 3XL Trailer 35MT,7.473354210273853,7.005713821113785,0.2,50.0,0.95,10.0
6,26,36.157721796276014,10.44931868061912,11,76,1826,3.019777117162877,Normal_approx,32 FT Multi-Axle 14MT - HCV,5.695535963687151,4.077062055526572,0.2,50.0,0.95,10.0
6,27,16.809419496166484,5.9213881186654005,2,42,1826,2.0859041122668227,Normal_approx,32 FT Multi-Axle 14MT - HCV,5.695535963687151,4.077062055526572,0.2,50.0,0.95,10.0
6,28,66.460569550931,18.147186068258108,17,134,1826,4.955123984359052,Normal_approx,32 FT Single-Axle 7MT - HCV,6.43402524515763,5.331951270712372,0.2,50.0,0.95,10.0
6,29,53.251916757940855,14.727294914617136,20,106,1826,4.072965419968004,Normal_approx,40 FT 3XL Trailer 35MT,7.473354210273853,7.005713821113785,0.2,50.0,0.95,10.0
6,30,30.665936473165388,9.255882135638872,8,65,1826,2.7936976320226385,Normal_approx,40 FT 3XL Trailer 35MT,7.473354210273853,7.005713821113785,0.2,50.0,0.95,10.0
6,31,44.63088718510405,12.803792630819155,11,91,1826,3.673176046290523,Normal_approx,19 FT Open 7MT - MCV,17.961898148148148,10.080516945624474,0.2,50.0,0.95,10.0
6,32,33.443044906900326,9.955148091213022,9,75,1826,2.963395641571318,Normal_approx,32 FT Multi-Axle 14MT - HCV,5.695535963687151,4.077062055526572,0.2,50.0,0.95,10.0
6,33,52.67250821467689,14.814139116405205,15,112,1826,4.166475552403178,Normal_approx,32 FT Multi-Axle 14MT - HCV,5.695535963687151,4.077062055526572,0.2,50.0,0.95,10.0
6,34,19.657721796276014,6.563371841533242,3,49,1826,2.191395848240776,Normal_approx,32 FT Multi-Axle 14MT - HCV,5.695535963687151,4.077062055526572,0.2,50.0,0.95,10.0
6,35,49.97152245345016,14.142533131638606,16,101,1826,4.002504497752928,Normal_approx,32 FT Single-Axle 7MT - HCV,6.43402524515763,5.331951270712372,0.2,50.0,0.95,10.0
6,36,58.86199342825849,16.514322921582746,20,123,1826,4.633259012722876,Normal_approx,32 FT Multi-Axle 14MT - HCV,5.695535963687151,4.077062055526572,0.2,50.0,0.95,10.0
6,37,22.43209200438116,7.2085215708602846,4,50,1826,2.316448382407191,Normal_approx,19 FT Open 7MT - MCV,17.961898148148148,10.080516945624474,0.2,50.0,0.95,10.0
6,38,61.31818181818182,16.894485383214114,19,123,1826,4.654796145292793,Normal_approx,32 FT Multi-Axle 14MT - HCV,5.695535963687151,4.077062055526572,0.2,50.0,0.95,10.0
6,39,33.369660460021905,10.030405260649657,8,72,1826,3.0149851183952463,Normal_approx,32 FT Single-Axle 7MT - HCV,6.43402524515763,5.331951270712372,0.2,50.0,0.95,10.0
6,40,22.180175246440307,7.425823964942412,3,51,1826,2.4861328166089627,Normal_approx,22 FT Taurus Open 16MT - HCV,10.680205761316872,9.574067570473186,0.2,50.0,0.95,10.0
6,41,16.60733844468784,5.902563253963172,2,37,1826,2.0978829981140414,Normal_approx,40 FT 3XL Trailer 35MT,7.473354210273853,7.005713821113785,0.2,50.0,0.95,10.0
6,42,27.893209200438115,8.686635169736418,7,60,1826,2.7052330203337247,Normal_approx,19 FT Open 7MT - MCV,17.961898148148148,10.080516945624474,0.2,50.0,0.95,10.0
6,43,39.034501642935375,11.368035610514049,9,80,1826,3.3107181647675654,Normal_approx,40 FT Flat Bed Multi-Axle 27MT - Trailer,7.233716255868545,7.373434111835265,0.2,50.0,0.95,10.0
6,44,22.322562979189485,7.1889950297052865,4,51,1826,2.315220236372868,Normal_approx,22 FT Taurus Open 16MT - HCV,10.680205761316872,9.574067570473186,0.2,50.0,0.95,10.0
6,45,61.14293537787513,17.187853211177128,19,118,1826,4.831666915943847,Normal_approx,40 FT 3XL Trailer 35MT,7.473354210273853,7.005713821113785,0.2,50.0,0.95,10.0
6,46,44.539978094194964,12.931676762505742,13,94,1826,3.7545654723105124,Normal_approx,40 FT Flat Bed Double-Axle 21MT - Trailer,6.950227529358627,8.552540879806243,0.2,50.0,0.95,10.0
6,47,16.708652792990144,5.753141049675685,3,41,1826,1.980927627591224,Normal_approx,40 FT Flat Bed Multi-Axle 27MT - Trailer,7.233716255868545,7.373434111835265,0.2,50.0,0.95,10.0
6,48,39.052573932092,11.413545255048998,11,82,1826,3.335734425996467,Normal_approx,40 FT 3XL Trailer 35MT,7.473354210273853,7.005713821113785,0.2,50.0,0.95,10.0
6,49,22.181270536692224,7.05372725536444,5,51,1826,2.2431117329715806,Normal_approx,40 FT 3XL Trailer 35MT,7.473354210273853,7.005713821113785,0.2,50.0,0.95,10.0
6,50,50.516429353778754,14.141942032443026,15,111,1826,3.9589996167062567,Normal_approx,32 FT Single-Axle 7MT - HCV,6.43402524515763,5.331951270712372,0.2,50.0,0.95,10.0
7,1,15.159364731653888,5.374349268699093,1,40,1826,1.9053324841281307,Normal_approx,40 FT 3XL Trailer 35MT,7.473354210273853,7.005713821113785,0.2,50.0,0.95,10.0
7,2,40.717962760131435,11.68086483056135,10,80,1826,3.350919199804401,Normal_approx,32 FT Multi-Axle 14MT - HCV,5.695535963687151,4.077062055526572,0.2,50.0,0.95,10.0
7,3,25.53121577217963,8.22527746797625,7,60,1826,2.6499008127501322,Normal_approx,32 FT Single-Axle 7MT - HCV,6.43402524515763,5.331951270712372,0.2,50.0,0.95,10.0
7,4,15.35815991237678,5.325964491329923,2,34,1826,1.8469593964865414,Normal_approx,32 FT Single-Axle 7MT - HCV,6.43402524515763,5.331951270712372,0.2,50.0,0.95,10.0
7,5,12.733844468784227,4.731280252574304,1,31,1826,1.7579147352768627,Normal_approx,40 FT 3XL Trailer 35MT,7.473354210273853,7.005713821113785,0.2,50.0,0.95,10.0
7,6,40.70372398685652,11.973182698536855,11,81,1826,3.52196531154823,Normal_approx,32 FT Multi-Axle MXL 18MT,6.487615878527337,3.6930577510741505,0.2,50.0,0.95,10.0
7,7,40.70974808324206,11.776925814283352,11,84,1826,3.406947676304266,Normal_approx,32 FT Multi-Axle 14MT - HCV,5.695535963687151,4.077062055526572,0.2,50.0,0.95,10.0
7,8,53.72398685651698,14.759977157343643,15,107,1826,4.055114641196422,Normal_approx,32 FT Single-Axle 7MT - HCV,6.43402524515763,5.331951270712372,0.2,50.0,0.95,10.0
7,9,35.90197152245345,10.534573293073308,6,78,1826,3.091118113046442,Normal_approx,32 FT Multi-Axle 14MT - HCV,5.695535963687151,4.077062055526572,0.2,50.0,0.95,10.0
7,10,51.1566265060241,14.357952401413218,18,100,1826,4.029796553081383,Normal_approx,32 FT Multi-Axle 14MT - HCV,5.695535963687151,4.077062055526572,0.2,50.0,0.95,10.0
7,11,48.393209200438115,13.693907770397603,14,99,1826,3.8749881052000608,Normal_approx,32 FT Multi-Axle MXL 18MT,6.487615878527337,3.6930577510741505,0.2,50.0,0.95,10.0
7,12,48.54874041621029,13.971794721067424,12,101,1826,4.020929195157184,Normal_approx,32 FT Multi-Axle 14MT - HCV,5.695535963687151,4.077062055526572,0.2,50.0,0.95,10.0
7,13,58.547645125958375,16.137429560115628,20,117,1826,4.447943760119435,Normal_approx,32 FT Multi-Axle 14MT - HCV,5.695535963687151,4.077062055526572,0.2,50.0,0.95,10.0
7,14,41.02245345016429,11.67608677664056,13,80,1826,3.3233263968782576,Normal_approx,32 FT Multi-Axle 14MT - HCV,5.695535963687151,4.077062055526572,0.2,50.0,0.95,10.0
7,15,61.13910186199343,16.893488542574964,20,122,1826,4.667879416716157,Normal_approx,32 FT Multi-Axle 14MT - HCV,5.695535963687151,4.077062055526572,0.2,50.0,0.95,10.0
7,16,17.754107338444687,6.122162488164283,3,45,1826,2.1111099993365996,Normal_approx,32 FT Multi-Axle 14MT - HCV,5.695535963687151,4.077062055526572,0.2,50.0,0.95,10.0
7,17,22.82475355969332,7.292853365672893,4,50,1826,2.3301767563058435,Normal_approx,32 FT Multi-Axle 14MT - HCV,5.695535963687151,4.077062055526572,0.2,50.0,0.95,10.0
7,18,58.74589266155531,16.190308181468872,18,115,1826,4.462032444056796,Normal_approx,40 FT 3XL Trailer 35MT,7.473354210273853,7.005713821113785,0.2,50.0,0.95,10.0
7,19,28.180175246440307,8.852388342505778,6,61,1826,2.7808478365098583,Normal_approx,32 FT Multi-Axle 14MT - HCV,5.695535963687151,4.077062055526572,0.2,50.0,0.95,10.0
7,20,33.2513691128149,10.012584453555004,9,75,1826,3.0149690107326985,Normal_approx,40 FT Flat Bed Multi-Axle 27MT - Trailer,7.233716255868545,7.373434111835265,0.2,50.0,0.95,10.0
7,21,28.210843373493976,8.603211420184111,8,58,1826,2.62364530405811,Normal_approx,40 FT Flat Bed Multi-Axle 27MT - Trailer,7.233716255868545,7.373434111835265,0.2,50.0,0.95,10.0
7,22,56.02354874041621,15.851260481475785,14,112,1826,4.484943644248861,Normal_approx,32 FT Multi-Axle MXL 18MT,6.487615878527337,3.6930577510741505,0.2,50.0,0.95,10.0
7,23,20.243702081051477,6.820458851471811,3,44,1826,2.2979324018091827,Normal_approx,32 FT Multi-Axle 14MT - HCV,5.695535963687151,4.077062055526572,0.2,50.0,0.95,10.0
7,24,45.7447973713034,12.831790051723965,14,95,1826,3.599422128707762,Normal_approx,32 FT Single-Axle 7MT - HCV,6.43402524515763,5.331951270712372,0.2,50.0,0.95,10.0
7,25,56.3986856516977,15.748811772452715,18,115,1826,4.3977101483512895,Normal_approx,40 FT 3XL Trailer 35MT,7.473354210273853,7.005713821113785,0.2,50.0,0.95,10.0
7,26,33.01807228915663,9.999627489348311,8,68,1826,3.0284187716969986,Normal_approx,32 FT Single-Axle 7MT - HCV,6.43402524515763,5.331951270712372,0.2,50.0,0.95,10.0
7,27,15.213581599123767,5.4785611137822885,3,40,1826,1.9728840103750542,Normal_approx,40 FT 3XL Trailer 35MT,7.473354210273853,7.005713821113785,0.2,50.0,0.95,10.0
7,28,61.104052573932094,17.064169462884976,16,120,1826,4.765410266458831,Normal_approx,32 FT Single-Axle 7MT - HCV,6.43402524515763,5.331951270712372,0.2,50.0,0.95,10.0
7,29,48.51807228915663,13.521366219664268,15,96,1826,3.7682318323916246,Normal_approx,32 FT Single-Axle 7MT - HCV,6.43402524515763,5.331951270712372,0.2,50.0,0.95,10.0
7,30,28.07995618838992,8.72371437783384,5,65,1826,2.710231883392,Normal_approx,32 FT Multi-Axle 14MT - HCV,5.695535963687151,4.077062055526572,0.2,50.0,0.95,10.0
7,31,41.015334063526836,12.100618588200684,10,89,1826,3.570005549395666,Normal_approx,40 FT 3XL Trailer 35MT,7.473354210273853,7.005713821113785,0.2,50.0,0.95,10.0
7,32,30.66867469879518,9.33934227224974,5,61,1826,2.8440522759745304,Normal_approx,32 FT Multi-Axle 14MT - HCV,5.695535963687151,4.077062055526572,0.2,50.0,0.95,10.0
7,33,48.33515881708653,13.844120116871979,16,102,1826,3.965222552297222,Normal_approx,40 FT 3XL Trailer 35MT,7.473354210273853,7.005713821113785,0.2,50.0,0.95,10.0
7,34,17.981380065717413,6.168206902799625,2,39,1826,2.1158985715608902,Normal_approx,40 FT 3XL Trailer 35MT,7.473354210273853,7.005713821113785,0.2,50.0,0.95,10.0
7,35,46.04874041621029,13.217395389347065,12,109,1826,3.7937962971259576,Normal_approx,32 FT Multi-Axle 14MT - HCV,5.695535963687151,4.077062055526572,0.2,50.0,0.95,10.0
7,36,53.555312157721794,15.155177486332203,18,106,1826,4.288639079645706,Normal_approx,32 FT Single-Axle 7MT - HCV,6.43402524515763,5.331951270712372,0.2,50.0,0.95,10.0
7,37,20.249726177437022,6.6993405875908145,3,46,1826,2.216383763181443,Normal_approx,22 FT Closed Container,1.0978160612535612,1.0343863002918698,0.2,50.0,0.95,10.0
7,38,55.81982475355969,15.220961076057588,15,114,1826,4.150454737213876,Normal_approx,40 FT 3XL Trailer 35MT,7.473354210273853,7.005713821113785,0.2,50.0,0.95,10.0
7,39,30.61062431544359,9.239526581250416,7,67,1826,2.7888634536134878,Normal_approx,20 FT SXL Container,4.933651344797178,2.524617933440752,0.2,50.0,0.95,10.0
7,40,20.39485213581599,6.80452354013572,3,47,1826,2.270256253878383,Normal_approx,40 FT Flat Bed Multi-Axle 27MT - Trailer,7.233716255868545,7.373434111835265,0.2,50.0,0.95,10.0
7,41,15.471522453450165,5.359565468359591,2,41,1826,1.8566331850054532,Normal_approx,32 FT Multi-Axle 14MT - HCV,5.695535963687151,4.077062055526572,0.2,50.0,0.95,10.0
7,42,25.43592552026287,7.984402716044822,7,59,1826,2.5063246344701944,Normal_approx,40 FT Flat Bed Multi-Axle 27MT - Trailer,7.233716255868545,7.373434111835265,0.2,50.0,0.95,10.0
7,43,35.426067907995616,10.562236146791626,12,71,1826,3.149116992332431,Normal_approx,40 FT 3XL Trailer 35MT,7.473354210273853,7.005713821113785,0.2,50.0,0.95,10.0
7,44,20.44633077765608,6.8795205478133825,3,45,1826,2.3147333124193983,Normal_approx,32 FT Single-Axle 7MT - HCV,6.43402524515763,5.331951270712372,0.2,50.0,0.95,10.0
7,45,55.90580503833516,15.873503354610092,18,107,1826,4.507011545152436,Normal_approx,40 FT 3XL Trailer 35MT,7.473354210273853,7.005713821113785,0.2,50.0,0.95,10.0
7,46,40.82858707557503,12.10224359941317,12,79,1826,3.5872977888856865,Normal_approx,40 FT 3XL Trailer 35MT,7.473354210273853,7.005713821113785,0.2,50.0,0.95,10.0
7,47,15.479189485213581,5.432207815765583,2,38,1826,1.906358325922226,Normal_approx,40 FT Flat Bed Multi-Axle 27MT - Trailer,7.233716255868545,7.373434111835265,0.2,50.0,0.95,10.0
7,48,35.62431544359255,10.650057055459854,9,71,1826,3.183884767249634,Normal_approx,32 FT Multi-Axle 14MT - HCV,5.695535963687151,4.077062055526572,0.2,50.0,0.95,10.0
7,49,20.40635268346112,6.827121028596754,3,44,1826,2.284072134893758,Normal_approx,32 FT Single-Axle 7MT - HCV,6.43402524515763,5.331951270712372,0.2,50.0,0.95,10.0
7,50,45.8236582694414,13.334992959873242,13,92,1826,3.880572698807284,Normal_approx,22 FT Closed Container,1.0978160612535612,1.0343863002918698,0.2,50.0,0.95,10.0
8,1,26.98357064622125,8.676326067986395,7,59,1826,2.789795132193233,Normal_approx,32 FT Single-Axle 7MT - HCV,6.43402524515763,5.331951270712372,0.2,50.0,0.95,10.0
8,2,71.6566265060241,19.52144875629902,25,145,1826,5.318237546568996,Normal_approx,32 FT Multi-Axle 14MT - HCV,5.695535963687151,4.077062055526572,0.2,50.0,0.95,10.0
8,3,45.07612267250821,12.790330657491102,14,104,1826,3.6292508900223437,Normal_approx,32 FT Single-Axle 7MT - HCV,6.43402524515763,5.331951270712372,0.2,50.0,0.95,10.0
8,4,26.948521358159912,8.324552265146751,7,56,1826,2.571501771624167,Normal_approx,32 FT Single-Axle 7MT - HCV,6.43402524515763,5.331951270712372,0.2,50.0,0.95,10.0
8,5,22.427710843373493,7.196610992028767,4,47,1826,2.3092508251189416,Normal_approx,32 FT Multi-Axle MXL 18MT,6.487615878527337,3.6930577510741505,0.2,50.0,0.95,10.0
8,6,71.95837897042716,19.744405648484822,26,140,1826,5.4175977834649816,Normal_approx,32 FT Single-Axle 7MT - HCV,6.43402524515763,5.331951270712372,0.2,50.0,0.95,10.0
8,7,71.73055859802848,19.32974760240622,29,141,1826,5.208925591484219,Normal_approx,40 FT 3XL Trailer 35MT,7.473354210273853,7.005713821113785,0.2,50.0,0.95,10.0
8,8,94.46111719605696,25.4148024963656,29,176,1826,6.837863081681116,Normal_approx,40 FT 3XL Trailer 35MT,7.473354210273853,7.005713821113785,0.2,50.0,0.95,10.0
8,9,63.19331872946331,17.532291280033675,21,134,1826,4.864141395135039,Normal_approx,32 FT Multi-Axle MXL 18MT,6.487615878527337,3.6930577510741505,0.2,50.0,0.95,10.0
8,10,89.81818181818181,23.903523398950767,32,174,1826,6.361500748710583,Normal_approx,32 FT Single-Axle 7MT - HCV,6.43402524515763,5.331951270712372,0.2,50.0,0.95,10.0
8,11,85.4972617743702,22.89306273230243,34,170,1826,6.129931068999958,Normal_approx,40 FT Flat Bed Multi-Axle 27MT - Trailer,7.233716255868545,7.373434111835265,0.2,50.0,0.95,10.0
8,12,85.64403066812706,22.856006913255527,28,158,1826,6.099631789202999,Normal_approx,24 FT SXL Container,4.247763558201059,4.668448832876775,0.2,50.0,0.95,10.0
8,13,103.81982475355969,27.25720940041439,35,199,1826,7.156200331310661,Normal_approx,24 FT SXL Container,4.247763558201059,4.668448832876775,0.2,50.0,0.95,10.0
8,14,71.60295728368017,19.488516380210577,18,141,1826,5.30428190552265,Normal_approx,20 FT SXL Container,4.933651344797178,2.524617933440752,0.2,50.0,0.95,10.0
8,15,108.04764512595838,28.265442910817473,39,200,1826,7.394286678004962,Normal_approx,32 FT Single-Axle 7MT - HCV,6.43402524515763,5.331951270712372,0.2,50.0,0.95,10.0
8,16,31.50985761226725,9.66139961394118,6,70,1826,2.962331459851571,Normal_approx,32 FT Multi-Axle 14MT - HCV,5.695535963687151,4.077062055526572,0.2,50.0,0.95,10.0
8,17,40.2907995618839,11.429559979848445,11,79,1826,3.242299551099924,Normal_approx,40 FT 3XL Trailer 35MT,7.473354210273853,7.005713821113785,0.2,50.0,0.95,10.0
8,18,103.82037239868565,27.502478913396004,43,193,1826,7.285529120211166,Normal_approx,40 FT 3XL Trailer 35MT,7.473354210273853,7.005713821113785,0.2,50.0,0.95,10.0
8,19,49.446878422782035,14.007499893418348,17,96,1826,3.9680978764013077,Normal_approx,32 FT Multi-Axle 14MT - HCV,5.695535963687151,4.077062055526572,0.2,50.0,0.95,10.0
8,20,58.0460021905805,15.910229944456349,21,127,1826,4.360944894264456,Normal_approx,40 FT Flat Bed Double-Axle 21MT - Trailer,6.950227529358627,8.552540879806243,0.2,50.0,0.95,10.0
8,21,49.65334063526834,13.96060140444414,17,105,1826,3.925181852423703,Normal_approx,40 FT 3XL Trailer 35MT,7.473354210273853,7.005713821113785,0.2,50.0,0.95,10.0
8,22,98.91456736035049,26.362475121373723,31,184,1826,7.026064138694585,Normal_approx,32 FT Multi-Axle 14MT - HCV,5.695535963687151,4.077062055526572,0.2,50.0,0.95,10.0
8,23,35.991785323110626,10.62462574437966,9,75,1826,3.13634545201769,Normal_approx,32 FT Multi-Axle 14MT - HCV,5.695535963687151,4.077062055526572,0.2,50.0,0.95,10.0
8,24,81.20700985761226,22.081316099770508,28,156,1826,6.0042171427431095,Normal_approx,32 FT Multi-Axle 14MT - HCV,5.695535963687151,4.077062055526572,0.2,50.0,0.95,10.0
8,25,99.24479737130339,26.217170736198284,32,178,1826,6.925703509065916,Normal_approx,32 FT Multi-Axle 14MT - HCV,5.695535963687151,4.077062055526572,0.2,50.0,0.95,10.0
8,26,58.62212486308872,16.469902248805912,22,114,1826,4.627223607447549,Normal_approx,32 FT Multi-Axle 14MT - HCV,5.695535963687151,4.077062055526572,0.2,50.0,0.95,10.0
8,27,27.04435925520263,8.335414031028883,8,56,1826,2.569080169843817,Normal_approx,40 FT Flat Bed Multi-Axle 27MT - Trailer,7.233716255868545,7.373434111835265,0.2,50.0,0.95,10.0
8,28,107.8132530120482,28.37897465278865,40,204,1826,7.4700111520948225,Normal_approx,32 FT Multi-Axle 14MT - HCV,5.695535963687151,4.077062055526572,0.2,50.0,0.95,10.0
8,29,85.23165388828039,23.296198883376697,29,172,1826,6.367503828157748,Normal_approx,32 FT Multi-Axle 14MT - HCV,5.695535963687151,4.077062055526572,0.2,50.0,0.95,10.0
8,30,49.22015334063527,14.14138971987375,15,99,1826,4.062947586232975,Normal_approx,40 FT 3XL Trailer 35MT,7.473354210273853,7.005713821113785,0.2,50.0,0.95,10.0
8,31,71.97754654983571,19.565836586247713,24,159,1826,5.318630318340899,Normal_approx,32 FT Single-Axle 7MT - HCV,6.43402524515763,5.331951270712372,0.2,50.0,0.95,10.0
8,32,54.00492880613363,15.226598134910258,18,111,1826,4.293113534032105,Normal_approx,40 FT Flat Bed Multi-Axle 27MT - Trailer,7.233716255868545,7.373434111835265,0.2,50.0,0.95,10.0
8,33,85.34501642935378,23.130133813251266,31,167,1826,6.268709206492099,Normal_approx,40 FT 3XL Trailer 35MT,7.473354210273853,7.005713821113785,0.2,50.0,0.95,10.0
8,34,31.730558598028477,9.547327958117497,7,74,1826,2.872671492947356,Normal_approx,32 FT Multi-Axle MXL 18MT,6.487615878527337,3.6930577510741505,0.2,50.0,0.95,10.0
8,35,80.8433734939759,21.787506849006252,28,150,1826,5.871791764489721,Normal_approx,32 FT Multi-Axle 14MT - HCV,5.695535963687151,4.077062055526572,0.2,50.0,0.95,10.0
8,36,94.3658269441402,25.047654609271856,37,173,1826,6.648434308711753,Normal_approx,40 FT Flat Bed Multi-Axle 27MT - Trailer,7.233716255868545,7.373434111835265,0.2,50.0,0.95,10.0
8,37,36.02738225629792,10.926369532972076,10,73,1826,3.3137448155892795,Normal_approx,40 FT 3XL Trailer 35MT,7.473354210273853,7.005713821113785,0.2,50.0,0.95,10.0
8,38,98.94797371303396,26.35242763897201,34,176,1826,7.018339197943365,Normal_approx,40 FT Flat Bed Multi-Axle 27MT - Trailer,7.233716255868545,7.373434111835265,0.2,50.0,0.95,10.0
8,39,53.74589266155531,15.108377322277466,18,107,1826,4.247079246589306,Normal_approx,24 FT SXL Container,4.247763558201059,4.668448832876775,0.2,50.0,0.95,10.0
8,40,35.995618838992335,10.536042899162517,10,72,1826,3.0839364220832066,Normal_approx,40 FT 3XL Trailer 35MT,7.473354210273853,7.005713821113785,0.2,50.0,0.95,10.0
8,41,27.03614457831325,8.433514825128434,6,60,1826,2.6307069079188365,Normal_approx,32 FT Single-Axle 7MT - HCV,6.43402524515763,5.331951270712372,0.2,50.0,0.95,10.0
8,42,45.14403066812705,12.902311992759703,12,92,1826,3.6875230743639182,Normal_approx,24 FT SXL Container,4.247763558201059,4.668448832876775,0.2,50.0,0.95,10.0
8,43,62.9802847754655,17.260982848759195,22,121,1826,4.730711046597628,Normal_approx,32 FT Single-Axle 7MT - HCV,6.43402524515763,5.331951270712372,0.2,50.0,0.95,10.0
8,44,36.194414019715225,10.490386545576719,11,75,1826,3.0404749698578737,Normal_approx,40 FT 3XL Trailer 35MT,7.473354210273853,7.005713821113785,0.2,50.0,0.95,10.0
8,45,98.94140197152245,26.390458321464607,34,191,1826,7.039078449862841,Normal_approx,1.5 MT Vehicle (Closed Body),3.53250462962963,4.017850439709488,0.2,50.0,0.95,10.0
8,46,72.00492880613362,19.58046210490206,27,139,1826,5.324559062807473,Normal_approx,32 FT Multi-Axle 14MT - HCV,5.695535963687151,4.077062055526572,0.2,50.0,0.95,10.0
8,47,27.150054764512596,8.33993150638815,7,61,1826,2.56185330506807,Normal_approx,40 FT 3XL Trailer 35MT,7.473354210273853,7.005713821113785,0.2,50.0,0.95,10.0
8,48,62.73713033953998,17.534683009786256,20,130,1826,4.900847497959393,Normal_approx,32 FT Multi-Axle 14MT - HCV,5.695535963687151,4.077062055526572,0.2,50.0,0.95,10.0
8,49,36.03504928806134,10.776274214345829,10,72,1826,3.2226426281384013,Normal_approx,32 FT Multi-Axle 14MT - HCV,5.695535963687151,4.077062055526572,0.2,50.0,0.95,10.0
8,50,80.97207009857613,21.771158193403636,29,154,1826,5.853664461155245,Normal_approx,32 FT Multi-Axle 14MT - HCV,5.695535963687151,4.077062055526572,0.2,50.0,0.95,10.0
9,1,23.325848849945235,7.6877101685237434,4,51,1826,2.53370790556941,Normal_approx,32 FT Multi-Axle 14MT - HCV,5.695535963687151,4.077062055526572,0.2,50.0,0.95,10.0
9,2,61.792442497261774,16.908202365609956,22,126,1826,4.626573990000261,Normal_approx,40 FT Flat Bed Multi-Axle 27MT - Trailer,7.233716255868545,7.373434111835265,0.2,50.0,0.95,10.0
9,3,38.53504928806134,11.469799698375612,9,80,1826,3.4139389348495044,Normal_approx,40 FT 3XL Trailer 35MT,7.473354210273853,7.005713821113785,0.2,50.0,0.95,10.0
9,4,23.150054764512596,7.593540333172657,6,51,1826,2.49078697126503,Normal_approx,24 FT SXL Container,4.247763558201059,4.668448832876775,0.2,50.0,0.95,10.0
9,5,19.272179627601314,6.473115179211064,4,43,1826,2.1741816926261115,Normal_approx,Tata 407 Open 2MT - Mini-LCV,0.6063767887205388,0.512597331579344,0.2,50.0,0.95,10.0
9,6,61.41237677984666,17.214210126898887,19,125,1826,4.8252330528635845,Normal_approx,40 FT 3XL Trailer 35MT,7.473354210273853,7.005713821113785,0.2,50.0,0.95,10.0
9,7,61.812157721796275,17.05829762497516,16,119,1826,4.707577418214371,Normal_approx,32 FT Multi-Axle 14MT - HCV,5.695535963687151,4.077062055526572,0.2,50.0,0.95,10.0
9,8,81.28751369112815,22.184729479731182,28,158,1826,6.054585750512001,Normal_approx,40 FT 3XL Trailer 35MT,7.473354210273853,7.005713821113785,0.2,50.0,0.95,10.0
9,9,54.10569550930997,15.157738667624574,16,110,1826,4.24644835175378,Normal_approx,24 / 26 FT Taurus Open 21MT - HCV,7.100889423076923,8.006658957517667,0.2,50.0,0.95,10.0
9,10,77.105147864184,20.93724231962572,24,148,1826,5.685328776269061,Normal_approx,Tata 407 Open 2MT - Mini-LCV,0.6063767887205388,0.512597331579344,0.2,50.0,0.95,10.0
9,11,73.16867469879519,19.632431208949164,25,137,1826,5.267723609328512,Normal_approx,40 FT 3XL Trailer 35MT,7.473354210273853,7.005713821113785,0.2,50.0,0.95,10.0
9,12,73.4052573932092,20.050786334172663,27,140,1826,5.476910604169312,Normal_approx,32 FT Single-Axle 7MT - HCV,6.43402524515763,5.331951270712372,0.2,50.0,0.95,10.0
9,13,88.51150054764513,23.628659849747464,32,178,1826,6.3078081700188955,Normal_approx,20 FT SXL Container,4.933651344797178,2.524617933440752,0.2,50.0,0.95,10.0
9,14,61.45837897042716,17.0873555237632,19,123,1826,4.750820371230032,Normal_approx,40 FT 3XL Trailer 35MT,7.473354210273853,7.005713821113785,0.2,50.0,0.95,10.0
9,15,93.13745892661555,24.610616907203017,30,172,1826,6.503102742263279,Normal_approx,19 FT OPEN BODY 8 MT,2.251028757122507,1.5640035530881744,0.2,50.0,0.95,10.0
9,16,26.997809419496168,8.455199947820969,8,58,1826,2.648007660429135,Normal_approx,32 FT Multi-Axle 14MT - HCV,5.695535963687151,4.077062055526572,0.2,50.0,0.95,10.0
9,17,34.7486308871851,10.515054350193179,9,74,1826,3.1818913483665368,Normal_approx,32 FT Multi-Axle 14MT - HCV,5.695535963687151,4.077062055526572,0.2,50.0,0.95,10.0
9,18,88.61062431544359,24.079846104822487,33,187,1826,6.5436734354536865,Normal_approx,40 FT 3XL Trailer 35MT,7.473354210273853,7.005713821113785,0.2,50.0,0.95,10.0
9,19,42.58762322015334,12.197203368766775,12,82,1826,3.4933099987757408,Normal_approx,32 FT Multi-Axle 14MT - HCV,5.695535963687151,4.077062055526572,0.2,50.0,0.95,10.0
9,20,49.943044906900326,14.08133081876751,16,100,1826,3.970200014780757,Normal_approx,40 FT Flat Bed Double-Axle 21MT - Trailer,6.950227529358627,8.552540879806243,0.2,50.0,0.95,10.0
9,21,42.575027382256295,12.266676571461355,13,95,1826,3.53426323741015,Normal_approx,32 FT Single-Axle 7MT - HCV,6.43402524515763,5.331951270712372,0.2,50.0,0.95,10.0
9,22,84.86308871851041,22.803625909468288,30,169,1826,6.1275798756727236,Normal_approx,19 FT Open 7MT - MCV,17.961898148148148,10.080516945624474,0.2,50.0,0.95,10.0
9,23,30.88170865279299,9.41390545566616,10,62,1826,2.8697121951575055,Normal_approx,1.5 MT Pickup (Open Body),2.481574074074074,1.990326348578496,0.2,50.0,0.95,10.0
9,24,69.46604600219058,18.7241605675682,26,129,1826,5.046986393165664,Normal_approx,19 FT Open 7MT - MCV,17.961898148148148,10.080516945624474,0.2,50.0,0.95,10.0
9,25,85.13691128148959,23.09835755507874,28,164,1826,6.266777989845442,Normal_approx,32 FT Single-Axle 7MT - HCV,6.43402524515763,5.331951270712372,0.2,50.0,0.95,10.0
9,26,50.13307776560789,14.044794523491616,15,94,1826,3.934652768165395,Normal_approx,40 FT 3XL Trailer 35MT,7.473354210273853,7.005713821113785,0.2,50.0,0.95,10.0
9,27,23.3723986856517,7.53558749175498,4,55,1826,2.4295785644266985,Normal_approx,32 FT Multi-Axle 14MT - HCV,5.695535963687151,4.077062055526572,0.2,50.0,0.95,10.0
9,28,92.78751369112815,25.049403846154824,27,195,1826,6.762468440920749,Normal_approx,40 FT 3XL Trailer 35MT,7.473354210273853,7.005713821113785,0.2,50.0,0.95,10.0
9,29,73.18784227820372,20.305995741842228,26,141,1826,5.633906537377356,Normal_approx,19 FT Open 7MT - MCV,17.961898148148148,10.080516945624474,0.2,50.0,0.95,10.0
9,30,42.54819277108434,12.387140018100403,12,87,1826,3.6062927197298684,Normal_approx,40 FT 3XL Trailer 35MT,7.473354210273853,7.005713821113785,0.2,50.0,0.95,10.0
9,31,61.604052573932094,16.806859819499394,13,128,1826,4.5852590079736295,Normal_approx,40 FT Flat Bed Multi-Axle 27MT - Trailer,7.233716255868545,7.373434111835265,0.2,50.0,0.95,10.0
9,32,46.40470974808324,13.32020649591402,10,92,1826,3.82348908240114,Normal_approx,40 FT 3XL Trailer 35MT,7.473354210273853,7.005713821113785,0.2,50.0,0.95,10.0
9,33,73.15991237677984,19.97328771732113,20,141,1826,5.45287998958167,Normal_approx,40 FT 3XL Trailer 35MT,7.473354210273853,7.005713821113785,0.2,50.0,0.95,10.0
9,34,27.07393209200438,8.464883760461563,4,56,1826,2.6466143460294487,Normal_approx,40 FT 3XL Trailer 35MT,7.473354210273853,7.005713821113785,0.2,50.0,0.95,10.0
9,35,69.57667031763417,18.827810473034575,19,126,1826,5.094903874965485,Normal_approx,19 FT Open 7MT - MCV,17.961898148148148,10.080516945624474,0.2,50.0,0.95,10.0
9,36,81.44797371303396,21.88164374260337,28,156,1826,5.878677038242767,Normal_approx,32 FT Multi-Axle 14MT - HCV,5.695535963687151,4.077062055526572,0.2,50.0,0.95,10.0
9,37,30.84830230010953,9.392593401977212,6,64,1826,2.859827097018322,Normal_approx,25 FT Open Body 21MT,12.354972222222223,9.370315807392997,0.2,50.0,0.95,10.0
9,38,84.6434830230011,23.100197561249374,32,165,1826,6.304314382050481,Normal_approx,32 FT Single-Axle 7MT - HCV,6.43402524515763,5.331951270712372,0.2,50.0,0.95,10.0
9,39,46.27437020810515,13.442633885051274,12,97,1826,3.905064616868142,Normal_approx,40 FT 3XL Trailer 35MT,7.473354210273853,7.005713821113785,0.2,50.0,0.95,10.0
9,40,30.697152245345016,9.340426941392654,9,62,1826,2.8420739080356725,Normal_approx,32 FT Single-Axle 7MT - HCV,6.43402524515763,5.331951270712372,0.2,50.0,0.95,10.0
9,41,23.191128148959475,7.506939119625288,6,55,1826,2.429986785627286,Normal_approx,40 FT 3XL Trailer 35MT,7.473354210273853,7.005713821113785,0.2,50.0,0.95,10.0
9,42,38.643483023001096,11.421702664327869,7,81,1826,3.37586784490067,Normal_approx,32 FT Multi-Axle 14MT - HCV,5.695535963687151,4.077062055526572,0.2,50.0,0.95,10.0
9,43,54.15279299014239,15.341810911947285,15,111,1826,4.346427008867117,Normal_approx,40 FT 3XL Trailer 35MT,7.473354210273853,7.005713821113785,0.2,50.0,0.95,10.0
9,44,30.968236582694413,9.330232425177504,8,60,1826,2.8110492140996026,Normal_approx,32 FT Multi-Axle 14MT - HCV,5.695535963687151,4.077062055526572,0.2,50.0,0.95,10.0
9,45,85.09364731653888,23.252974313317864,30,161,1826,6.354185435306043,Normal_approx,32 FT Multi-Axle 14MT - HCV,5.695535963687151,4.077062055526572,0.2,50.0,0.95,10.0
9,46,62.010952902519165,17.15556191518441,19,120,1826,4.746150330706649,Normal_approx,40 FT 3XL Trailer 35MT,7.473354210273853,7.005713821113785,0.2,50.0,0.95,10.0
9,47,23.00328587075575,7.443374558194393,5,54,1826,2.4085178580513524,Normal_approx,40 FT Flat Bed Multi-Axle 27MT - Trailer,7.233716255868545,7.373434111835265,0.2,50.0,0.95,10.0
9,48,53.976998904709745,15.206217797362376,16,106,1826,4.283844311333961,Normal_approx,32 FT Single-Axle 7MT - HCV,6.43402524515763,5.331951270712372,0.2,50.0,0.95,10.0
9,49,31.052573932092006,9.61947091936473,5,69,1826,2.9799211160680006,Normal_approx,19 FT Open 7MT - MCV,17.961898148148148,10.080516945624474,0.2,50.0,0.95,10.0
9,50,69.30832420591457,18.910393075926923,22,136,1826,5.159596201224384,Normal_approx,32 FT Single-Axle 7MT - HCV,6.43402524515763,5.331951270712372,0.2,50.0,0.95,10.0
10,1,24.736035049288063,7.941593949726497,4,54,1826,2.5496775993672323,Normal_approx,19 FT Open 7MT - MCV,17.961898148148148,10.080516945624474,0.2,50.0,0.95,10.0
10,2,65.56681270536693,17.670753623329382,26,120,1826,4.762402208256938,Normal_approx,40 FT 3XL Trailer 35MT,7.473354210273853,7.005713821113785,0.2,50.0,0.95,10.0
10,3,41.113362541073386,12.219623426567681,11,80,1826,3.6318896693975757,Normal_approx,40 FT 3XL Trailer 35MT,7.473354210273853,7.005713821113785,0.2,50.0,0.95,10.0
10,4,24.721248630887185,7.768468601511454,3,55,1826,2.441183506292156,Normal_approx,32 FT Multi-Axle 14MT - HCV,5.695535963687151,4.077062055526572,0.2,50.0,0.95,10.0
10,5,20.637458926615555,6.746363721088281,4,42,1826,2.205379238745267,Normal_approx,22 FT Closed Container,1.0978160612535612,1.0343863002918698,0.2,50.0,0.95,10.0
10,6,65.61226725082146,17.92754802529398,21,135,1826,4.898428170003502,Normal_approx,32 FT Multi-Axle 14MT - HCV,5.695535963687151,4.077062055526572,0.2,50.0,0.95,10.0
10,7,65.80777656078861,18.040070005222688,20,129,1826,4.945374890347691,Normal_approx,40 FT Flat Bed Multi-Axle 27MT - Trailer,7.233716255868545,7.373434111835265,0.2,50.0,0.95,10.0
10,8,86.17688937568455,23.332895994055235,27,169,1826,6.31751783353429,Normal_approx,32 FT Multi-Axle 14MT - HCV,5.695535963687151,4.077062055526572,0.2,50.0,0.95,10.0
10,9,57.886637458926614,16.122910338490772,21,120,1826,4.490643250222619,Normal_approx,40 FT 3XL Trailer 35MT,7.473354210273853,7.005713821113785,0.2,50.0,0.95,10.0
10,10,82.23220153340635,22.046893317626733,32,156,1826,5.910890088007105,Normal_approx,32 FT Single-Axle 7MT - HCV,6.43402524515763,5.331951270712372,0.2,50.0,0.95,10.0
10,11,78.27217962760132,21.43874008163066,26,146,1826,5.872068191718531,Normal_approx,32 FT Single-Axle 7MT - HCV,6.43402524515763,5.331951270712372,0.2,50.0,0.95,10.0
10,12,78.05859802847755,21.533468439146052,26,147,1826,5.940284282975904,Normal_approx,32 FT Multi-Axle 14MT - HCV,5.695535963687151,4.077062055526572,0.2,50.0,0.95,10.0
10,13,94.68455640744797,25.040551270691005,30,181,1826,6.6222965151979345,Normal_approx,40 FT Flat Bed Multi-Axle 27MT - Trailer,7.233716255868545,7.373434111835265,0.2,50.0,0.95,10.0
10,14,66.10021905805039,18.18433255956673,22,129,1826,5.00255453535666,Normal_approx,32 FT Multi-Axle 14MT - HCV,5.695535963687151,4.077062055526572,0.2,50.0,0.95,10.0
10,15,98.99069003285871,25.993917536482538,33,183,1826,6.825730264827629,Normal_approx,32 FT Single-Axle 7MT - HCV,6.43402524515763,5.331951270712372,0.2,50.0,0.95,10.0
10,16,28.690032858707557,8.84566478751972,8,59,1826,2.7272811404054678,Normal_approx,40 FT 3XL Trailer 35MT,7.473354210273853,7.005713821113785,0.2,50.0,0.95,10.0
10,17,37.11281489594742,11.01587298430158,11,77,1826,3.2697454490178353,Normal_approx,32 FT Single-Axle 7MT - HCV,6.43402524515763,5.331951270712372,0.2,50.0,0.95,10.0
10,18,94.71960569550932,24.888160117538227,32,175,1826,6.53951744718451,Normal_approx,40 FT Flat Bed Multi-Axle 27MT - Trailer,7.233716255868545,7.373434111835265,0.2,50.0,0.95,10.0
10,19,45.36473165388828,12.92119610898522,13,91,1826,3.6803327783499546,Normal_approx,32 FT Multi-Axle 14MT - HCV,5.695535963687151,4.077062055526572,0.2,50.0,0.95,10.0
10,20,53.23986856516977,14.90868897277108,19,101,1826,4.174860172968897,Normal_approx,32 FT Single-Axle 7MT - HCV,6.43402524515763,5.331951270712372,0.2,50.0,0.95,10.0
10,21,45.23274917853231,13.209960575659503,12,88,1826,3.8578919384652033,Normal_approx,32 FT Multi-Axle 14MT - HCV,5.695535963687151,4.077062055526572,0.2,50.0,0.95,10.0
10,22,90.53121577217962,24.116097286445555,33,164,1826,6.424150425559942,Normal_approx,32 FT Multi-Axle MXL 18MT,6.487615878527337,3.6930577510741505,0.2,50.0,0.95,10.0
10,23,33.100219058050385,9.977746744078704,8,69,1826,3.0076970159736773,Normal_approx,24 FT SXL Container,4.247763558201059,4.668448832876775,0.2,50.0,0.95,10.0
10,24,74.31763417305586,20.338259676623476,20,146,1826,5.565903856822946,Normal_approx,32 FT Multi-Axle 14MT - HCV,5.695535963687151,4.077062055526572,0.2,50.0,0.95,10.0
10,25,90.49507119386638,24.130495179572378,27,166,1826,6.434392392088994,Normal_approx,32 FT Multi-Axle 14MT - HCV,5.695535963687151,4.077062055526572,0.2,50.0,0.95,10.0
10,26,53.71741511500548,14.91565668536938,19,102,1826,4.141614295466301,Normal_approx,32 FT Multi-Axle 14MT - HCV,5.695535963687151,4.077062055526572,0.2,50.0,0.95,10.0
10,27,24.701533406352684,7.778943679617702,5,57,1826,2.4497250342807404,Normal_approx,32 FT Multi-Axle 14MT - HCV,5.695535963687151,4.077062055526572,0.2,50.0,0.95,10.0
10,28,98.76615553121577,26.15116381717615,34,187,1826,6.924268392492373,Normal_approx,32 FT Single-Axle 7MT - HCV,6.43402524515763,5.331951270712372,0.2,50.0,0.95,10.0
10,29,78.23767798466594,20.75335718350436,22,149,1826,5.505043675638312,Normal_approx,32 FT Single-Axle 7MT - HCV,6.43402524515763,5.331951270712372,0.2,50.0,0.95,10.0
10,30,45.53669222343921,13.098364252597161,14,100,1826,3.7676681751909076,Normal_approx,32 FT Multi-Axle 14MT - HCV,5.695535963687151,4.077062055526572,0.2,50.0,0.95,10.0
10,31,65.94906900328587,17.975756328208433,24,135,1826,4.899656969456625,Normal_approx,32 FT Multi-Axle 14MT - HCV,5.695535963687151,4.077062055526572,0.2,50.0,0.95,10.0
10,32,49.3433734939759,14.058852908628534,17,96,1826,4.005630971514003,Normal_approx,32 FT Multi-Axle 14MT - HCV,5.695535963687151,4.077062055526572,0.2,50.0,0.95,10.0
10,33,78.36473165388828,21.47024814626502,28,153,1826,5.882385426880029,Normal_approx,32 FT Single-Axle 7MT - HCV,6.43402524515763,5.331951270712372,0.2,50.0,0.95,10.0
10,34,28.806133625410734,8.935917099706058,7,59,1826,2.7720004166883605,Normal_approx,32 FT Multi-Axle 14MT - HCV,5.695535963687151,4.077062055526572,0.2,50.0,0.95,10.0
10,35,73.6434830230011,20.268889818932877,24,138,1826,5.578604889773162,Normal_approx,19 FT Open 7MT - MCV,17.961898148148148,10.080516945624474,0.2,50.0,0.95,10.0
10,36,86.62650602409639,23.26449793502978,30,164,1826,6.247935984148457,Normal_approx,32 FT Multi-Axle 14MT - HCV,5.695535963687151,4.077062055526572,0.2,50.0,0.95,10.0
10,37,32.77601314348302,9.863156553160644,9,69,1826,2.968080857372328,Normal_approx,32 FT Multi-Axle MXL 18MT,6.487615878527337,3.6930577510741505,0.2,50.0,0.95,10.0
10,38,90.1013143483023,23.92502280207404,31,166,1826,6.352923042465563,Normal_approx,32 FT Multi-Axle 14MT - HCV,5.695535963687151,4.077062055526572,0.2,50.0,0.95,10.0
10,39,49.40087623220153,14.025076535781768,12,93,1826,3.981766859963454,Normal_approx,32 FT Single-Axle 7MT - HCV,6.43402524515763,5.331951270712372,0.2,50.0,0.95,10.0
10,40,32.97809419496166,9.8495288467471,7,67,1826,2.941747268031176,Normal_approx,32 FT Single-Axle 7MT - HCV,6.43402524515763,5.331951270712372,0.2,50.0,0.95,10.0
10,41,24.65498357064622,7.837131137443303,6,54,1826,2.491205248200192,Normal_approx,40 FT 3XL Trailer 35MT,7.473354210273853,7.005713821113785,0.2,50.0,0.95,10.0
10,42,41.22289156626506,12.23774272167601,10,84,1826,3.6329898566478254,Normal_approx,32 FT Single-Axle 7MT - HCV,6.43402524515763,5.331951270712372,0.2,50.0,0.95,10.0
10,43,57.94249726177437,16.032586033168553,17,121,1826,4.436188066759895,Normal_approx,32 FT Single-Axle 7MT - HCV,6.43402524515763,5.331951270712372,0.2,50.0,0.95,10.0
10,44,32.916757940854325,9.774872656761099,6,65,1826,2.9027201168346872,Normal_approx,32 FT Multi-Axle 14MT - HCV,5.695535963687151,4.077062055526572,0.2,50.0,0.95,10.0
10,45,90.69058050383352,24.329137815403847,31,171,1826,6.526663999199933,Normal_approx,40 FT 3XL Trailer 35MT,7.473354210273853,7.005713821113785,0.2,50.0,0.95,10.0
10,46,66.04654983570646,18.114991041085577,23,125,1826,4.968509350373407,Normal_approx,32 FT Single-Axle 7MT - HCV,6.43402524515763,5.331951270712372,0.2,50.0,0.95,10.0
10,47,24.755750273822564,7.924820195777996,6,56,1826,2.5368964560052234,Normal_approx,32 FT Multi-Axle 14MT - HCV,5.695535963687151,4.077062055526572,0.2,50.0,0.95,10.0
10,48,57.814895947426066,15.898538484224654,21,120,1826,4.371944665683091,Normal_approx,32 FT Single-Axle 7MT - HCV,6.43402524515763,5.331951270712372,0.2,50.0,0.95,10.0
10,49,33.032311062431546,10.091610340218422,6,69,1826,3.083060070072698,Normal_approx,32 FT Multi-Axle 14MT - HCV,5.695535963687151,4.077062055526572,0.2,50.0,0.95,10.0
10,50,74.03723986856517,19.937566492372508,24,150,1826,5.369008330719104,Normal_approx,32 FT Single-Axle 7MT - HCV,6.43402524515763,5.331951270712372,0.2,50.0,0.95,10.0
